,Date,v,final_v,ml_v,h,final_h,ml_h,total_open,total_close,spread_open,spread_close,v_win_prob,h_win_prob
0,1022,NewOrleans,122,230,Toronto,130.0,-280.0,231.5,229.5,-6.5,-6.5,0.29141104294478526,0.7085889570552146
1,1022,LALakers,102,-180,LAClippers,112.0,150.0,227.0,224.0,-1.5,3.5,0.6164383561643836,0.3835616438356164
2,1023,Detroit,119,240,Indiana,110.0,-300.0,210.0,211.0,-5.0,-7.0,0.28169014084507044,0.7183098591549295
3,1023,Cleveland,85,400,Orlando,94.0,-550.0,212.5,211.5,-7.5,-9.5,0.19117647058823528,0.8088235294117646
4,1023,Chicago,125,-170,Charlotte,126.0,145.0,218.5,216.5,1.5,3.5,0.6067006554989074,0.39329934450109244
5,1023,Boston,93,190,Philadelphia,107.0,-240.0,215.0,214.5,-6.0,-5.5,0.3281853281853282,0.6718146718146719
6,1023,Memphis,101,240,Miami,120.0,-300.0,210.5,213.0,-7.5,-6.5,0.28169014084507044,0.7183098591549295
7,1023,Minnesota,127,142,Brooklyn,126.0,-165.0,225.5,229.0,-5.0,-3.5,0.39891615234080985,0.6010838476591901
8,1023,NewYork,111,525,SanAntonio,120.0,-750.0,214.0,214.5,-9.5,-11.0,0.15349887133182846,0.8465011286681716
9,1023,Washington,100,350,Dallas,108.0,-450.0,223.0,220.0,-8.5,-9.0,0.21359223300970873,0.7864077669902912
10,1023,OklahomaCity,95,375,Utah,100.0,-500.0,222.0,221.5,-9.5,-9.0,0.20168067226890757,0.7983193277310925
11,1023,Sacramento,95,-115,Phoenix,124.0,-105.0,233.0,232.5,2.5,1.0,0.5108342361863488,0.4891657638136511
12,1023,Denver,108,-120,Portland,100.0,100.0,219.5,217.5,-2.5,1.5,0.5217391304347826,0.4782608695652174
13,1024,Atlanta,117,105,Detroit,100.0,-125.0,222.0,221.5,-1.5,-1.5,0.4675324675324675,0.5324675324675325
14,1024,Milwaukee,117,100,Houston,111.0,-120.0,231.5,231.0,-2.0,-1.5,0.4782608695652174,0.5217391304347826
15,1024,LAClippers,141,-110,GoldenState,122.0,-110.0,225.0,229.5,-0.0,-0.0,0.5,0.5
16,1025,Toronto,106,120,Boston,112.0,-140.0,217.5,213.0,-3.0,-2.5,0.43795620437956206,0.562043795620438
17,1025,Minnesota,121,-220,Charlotte,99.0,180.0,229.0,225.0,4.0,5.0,0.6581196581196581,0.3418803418803419
18,1025,NewYork,109,280,Brooklyn,113.0,-360.0,225.5,228.0,-8.5,-8.0,0.25164113785557984,0.7483588621444202
19,1025,Washington,97,300,OklahomaCity,85.0,-400.0,218.5,218.0,-6.5,-8.5,0.23809523809523808,0.7619047619047619
20,1025,Dallas,123,110,NewOrleans,116.0,-130.0,228.0,227.0,-2.0,-2.0,0.4572564612326044,0.5427435387673957
21,1025,Chicago,110,-125,Memphis,102.0,105.0,220.5,224.0,-1.0,2.0,0.5324675324675325,0.4675324675324675
22,1025,Phoenix,107,650,Denver,108.0,-1000.0,221.0,219.5,-11.5,-12.0,0.12790697674418605,0.8720930232558138
23,1025,Portland,122,-120,Sacramento,112.0,100.0,226.5,227.5,-1.0,1.0,0.5217391304347826,0.4782608695652174
24,1025,Utah,86,140,LALakers,95.0,-160.0,218.0,215.5,-2.0,-3.5,0.40372670807453415,0.5962732919254659
25,1026,Miami,131,550,Milwaukee,126.0,-800.0,226.5,223.0,-9.5,-11.5,0.1475409836065574,0.8524590163934427
26,1026,Philadelphia,117,-190,Detroit,111.0,160.0,214.0,213.0,5.0,4.5,0.6301020408163266,0.3698979591836735
27,1026,Boston,118,-240,NewYork,95.0,190.0,210.0,218.5,-1.0,5.5,0.6718146718146719,0.3281853281853282
28,1026,Orlando,99,-135,Atlanta,103.0,115.0,219.0,216.5,-0.0,2.5,0.552594002855783,0.447405997144217
29,1026,Indiana,99,-190,Cleveland,110.0,160.0,213.5,213.0,5.5,4.5,0.6301020408163266,0.3698979591836735
30,1026,Toronto,108,-155,Chicago,84.0,135.0,223.0,219.5,3.5,3.0,0.5882115462252725,0.4117884537747275
31,1026,NewOrleans,123,650,Houston,126.0,-1000.0,236.0,238.5,-10.0,-12.0,0.12790697674418605,0.8720930232558138
32,1026,Washington,122,650,SanAntonio,124.0,-1000.0,218.0,219.5,-12.0,-11.5,0.12790697674418605,0.8720930232558138
33,1026,Sacramento,81,350,Utah,113.0,-450.0,220.0,221.5,-9.5,-9.0,0.21359223300970873,0.7864077669902912
34,1026,LAClippers,122,-550,Phoenix,130.0,400.0,229.5,225.5,8.5,10.0,0.8088235294117646,0.19117647058823528
35,1027,GoldenState,92,100,OklahomaCity,120.0,-120.0,223.5,224.0,1.5,-1.0,0.4782608695652174,0.5217391304347826
36,1027,Brooklyn,133,-180,Memphis,134.0,150.0,224.0,224.0,4.0,4.0,0.6164383561643836,0.3835616438356164
37,1027,Miami,109,240,Minnesota,116.0,-300.0,223.5,224.0,-6.0,-7.0,0.28169014084507044,0.7183098591549295
38,1027,Portland,121,125,Dallas,119.0,-145.0,222.0,219.0,-1.5,-2.5,0.42888402625820565,0.5711159737417943
39,1027,Charlotte,101,800,LALakers,120.0,-1400.0,216.0,216.5,-14.0,-13.0,0.10638297872340424,0.8936170212765957
40,1028,Indiana,94,-130,Detroit,96.0,110.0,213.5,213.0,1.0,2.0,0.5427435387673957,0.4572564612326044
41,1028,Chicago,98,-135,NewYork,105.0,115.0,224.0,224.0,-0.0,2.0,0.552594002855783,0.447405997144217
42,1028,Philadelphia,105,-280,Atlanta,103.0,230.0,223.0,221.0,4.0,6.5,0.7085889570552146,0.29141104294478526
43,1028,Orlando,95,175,Toronto,104.0,-210.0,212.5,209.0,-5.0,-5.0,0.34929577464788736,0.6507042253521127
44,1028,GoldenState,134,120,NewOrleans,123.0,-140.0,239.0,235.5,-2.5,-2.5,0.43795620437956206,0.562043795620438
45,1028,Cleveland,112,1200,Milwaukee,129.0,-3000.0,222.0,224.5,-14.5,-15.5,0.07363420427553445,0.9263657957244656
46,1028,OklahomaCity,112,425,Houston,116.0,-600.0,225.0,228.0,-10.5,-10.0,0.18181818181818185,0.8181818181818182
47,1028,Portland,110,200,SanAntonio,113.0,-250.0,220.0,223.0,-3.5,-6.0,0.3181818181818181,0.6818181818181818
48,1028,Utah,96,-190,Phoenix,95.0,160.0,217.5,213.5,4.0,5.0,0.6301020408163266,0.3698979591836735
49,1028,Denver,101,-220,Sacramento,94.0,180.0,218.0,218.0,5.0,5.5,0.6581196581196581,0.3418803418803419
50,1028,Charlotte,96,1200,LAClippers,111.0,-3000.0,225.5,228.0,-15.0,-15.5,0.07363420427553445,0.9263657957244656
51,1029,Atlanta,97,300,Miami,112.0,-400.0,224.5,223.0,-7.0,-8.5,0.23809523809523808,0.7619047619047619
52,1029,Dallas,109,185,Denver,106.0,-230.0,216.0,212.5,-6.0,-5.5,0.334855403348554,0.665144596651446
53,1029,Memphis,91,575,LALakers,120.0,-850.0,220.0,215.0,-12.0,-11.5,0.14205607476635515,0.8579439252336449
54,1030,NewYork,83,375,Orlando,95.0,-500.0,208.0,209.5,-7.5,-9.5,0.20168067226890757,0.7983193277310925
55,1030,Minnesota,95,250,Philadelphia,117.0,-310.0,227.0,222.5,-7.0,-7.0,0.27424749163879597,0.725752508361204
56,1030,Chicago,111,-130,Cleveland,117.0,110.0,216.5,216.5,1.0,2.0,0.5427435387673957,0.4572564612326044
57,1030,Detroit,113,375,Toronto,125.0,-500.0,211.5,214.0,-8.0,-9.5,0.20168067226890757,0.7983193277310925
58,1030,Indiana,118,130,Brooklyn,108.0,-150.0,220.5,220.5,-3.0,-3.0,0.42016806722689076,0.5798319327731092
59,1030,Milwaukee,105,-165,Boston,116.0,142.0,222.0,224.0,2.5,3.5,0.6010838476591901,0.39891615234080985
60,1030,Houston,159,-350,Washington,158.0,275.0,230.5,234.0,8.5,8.0,0.7446808510638298,0.2553191489361702
61,1030,Portland,102,-120,OklahomaCity,99.0,100.0,223.0,221.5,1.0,1.5,0.5217391304347826,0.4782608695652174
62,1030,Charlotte,118,275,Sacramento,111.0,-350.0,224.0,223.5,-7.0,-7.5,0.2553191489361702,0.7446808510638298
63,1030,LAClippers,96,230,Utah,110.0,-280.0,216.0,216.5,-1.5,-7.0,0.29141104294478526,0.7085889570552146
64,1030,Phoenix,121,185,GoldenState,110.0,-230.0,229.5,230.5,-6.0,-5.5,0.334855403348554,0.665144596651446
65,1031,Miami,106,-270,Atlanta,97.0,220.0,216.5,215.5,6.0,6.5,0.7001620745542949,0.299837925445705
66,1031,Denver,107,-180,NewOrleans,122.0,150.0,226.0,223.5,4.5,4.0,0.6164383561643836,0.3835616438356164
67,1031,SanAntonio,97,170,LAClippers,103.0,-200.0,225.5,229.0,-5.0,-5.0,0.35714285714285715,0.6428571428571429
68,1101,Houston,116,-190,Brooklyn,123.0,160.0,241.0,244.0,3.5,4.5,0.6301020408163266,0.3698979591836735
69,1101,Milwaukee,123,-190,Orlando,91.0,160.0,216.0,215.0,5.0,4.5,0.6301020408163266,0.3698979591836735
70,1101,Cleveland,95,260,Indiana,102.0,-330.0,211.0,215.0,-7.5,-7.5,0.2657601977750309,0.7342398022249692
71,1101,NewYork,102,500,Boston,104.0,-700.0,213.0,212.0,-10.0,-10.5,0.15999999999999998,0.84
72,1101,Detroit,106,142,Chicago,112.0,-165.0,218.5,216.0,-2.5,-3.5,0.39891615234080985,0.6010838476591901
73,1101,LALakers,119,-125,Dallas,110.0,105.0,214.5,217.0,2.0,1.5,0.5324675324675325,0.4675324675324675
74,1101,Utah,101,-210,Sacramento,102.0,175.0,214.0,214.0,5.5,5.0,0.6507042253521127,0.34929577464788736
75,1101,SanAntonio,127,-300,GoldenState,110.0,240.0,225.0,223.0,4.5,7.0,0.7183098591549295,0.28169014084507044
76,1102,NewOrleans,104,110,OklahomaCity,115.0,-130.0,226.5,228.0,-2.5,-2.0,0.4572564612326044,0.5427435387673957
77,1102,Brooklyn,109,-180,Detroit,113.0,150.0,224.0,222.5,1.0,4.0,0.6164383561643836,0.3835616438356164
78,1102,Denver,91,-180,Orlando,87.0,150.0,204.5,199.5,5.0,4.0,0.6164383561643836,0.3835616438356164
79,1102,Phoenix,114,-150,Memphis,105.0,130.0,223.5,221.5,-0.0,3.0,0.5798319327731092,0.42016806722689076
80,1102,Minnesota,131,130,Washington,109.0,-150.0,221.5,229.5,-1.0,-3.0,0.42016806722689076,0.5798319327731092
81,1102,Toronto,105,210,Milwaukee,115.0,-260.0,226.0,226.5,-5.0,-6.0,0.30874785591766724,0.6912521440823327
82,1102,Charlotte,93,-255,GoldenState,87.0,205.0,225.5,221.0,-1.0,6.0,0.6866033988082101,0.31339660119178986
83,1102,Philadelphia,129,-105,Portland,128.0,-115.0,217.5,223.5,-3.0,-1.0,0.4891657638136511,0.5108342361863488
84,1103,Chicago,95,110,Indiana,108.0,-130.0,214.0,217.0,-3.5,-2.0,0.4572564612326044,0.5427435387673957
85,1103,Houston,100,-155,Miami,129.0,135.0,234.0,233.5,3.0,3.0,0.5882115462252725,0.4117884537747275
86,1103,Sacramento,113,-115,NewYork,92.0,-105.0,217.5,213.5,-1.0,1.0,0.5108342361863488,0.4891657638136511
87,1103,LALakers,103,-120,SanAntonio,96.0,100.0,216.0,217.5,-0.0,1.0,0.5217391304347826,0.4782608695652174
88,1103,Dallas,131,-220,Cleveland,111.0,180.0,216.0,218.5,5.0,5.5,0.6581196581196581,0.3418803418803419
89,1103,Utah,94,170,LAClippers,105.0,-200.0,211.0,214.0,-4.5,-4.5,0.35714285714285715,0.6428571428571429
90,1104,Detroit,99,150,Washington,115.0,-180.0,225.0,225.5,-2.0,-4.0,0.3835616438356164,0.6164383561643836
91,1104,NewOrleans,125,145,Brooklyn,135.0,-170.0,238.0,238.5,-3.5,-3.5,0.39329934450109244,0.6067006554989074
92,1104,Milwaukee,134,-330,Minnesota,106.0,260.0,230.5,229.5,7.0,7.5,0.7342398022249692,0.2657601977750309
93,1104,Houston,107,-240,Memphis,100.0,190.0,235.0,230.0,7.0,5.5,0.6718146718146719,0.3281853281853282
94,1104,Philadelphia,109,-110,Phoenix,114.0,-110.0,223.0,224.0,2.0,-0.0,0.5,0.5
95,1104,Portland,118,-900,GoldenState,127.0,600.0,224.5,220.0,9.5,12.0,0.863013698630137,0.136986301369863
96,1105,Boston,119,-260,Cleveland,113.0,210.0,213.5,215.5,6.0,6.0,0.6912521440823327,0.30874785591766724
97,1105,Indiana,120,-135,Charlotte,122.0,115.0,211.5,212.5,2.5,2.5,0.552594002855783,0.447405997144217
98,1105,SanAntonio,100,-240,Atlanta,108.0,190.0,218.0,222.5,3.5,5.5,0.6718146718146719,0.3281853281853282
99,1105,Orlando,94,125,OklahomaCity,102.0,-145.0,202.5,201.0,-2.5,-2.5,0.42888402625820565,0.5711159737417943
100,1105,LALakers,118,-310,Chicago,112.0,250.0,212.0,215.5,6.5,7.0,0.725752508361204,0.27424749163879597
101,1105,Miami,89,180,Denver,109.0,-220.0,209.0,211.0,-4.5,-5.0,0.3418803418803419,0.6581196581196581
102,1106,NewYork,102,142,Detroit,122.0,-165.0,211.0,206.0,-2.5,-3.5,0.39891615234080985,0.6010838476591901
103,1106,Washington,106,130,Indiana,121.0,-150.0,220.5,227.0,-2.5,-3.0,0.42016806722689076,0.5798319327731092
104,1106,Sacramento,120,275,Toronto,124.0,-350.0,218.0,219.0,-8.0,-8.0,0.2553191489361702,0.7446808510638298
105,1106,GoldenState,112,1100,Houston,129.0,-2500.0,232.0,229.0,-15.0,-16.0,0.07975460122699386,0.9202453987730062
106,1106,Chicago,113,-110,Atlanta,93.0,-110.0,219.0,221.5,-2.0,-0.0,0.5,0.5
107,1106,Minnesota,121,-170,Memphis,137.0,145.0,224.5,224.5,5.5,3.5,0.6067006554989074,0.39329934450109244
108,1106,Orlando,106,250,Dallas,107.0,-310.0,207.0,207.5,-6.5,-7.0,0.27424749163879597,0.725752508361204
109,1106,Philadelphia,104,130,Utah,106.0,-150.0,212.0,209.0,-2.0,-3.0,0.42016806722689076,0.5798319327731092
110,1106,Milwaukee,129,-270,LAClippers,124.0,220.0,229.5,228.5,-2.0,6.5,0.7001620745542949,0.299837925445705
111,1107,Boston,108,-310,Charlotte,87.0,250.0,219.0,214.5,6.0,7.0,0.725752508361204,0.27424749163879597
112,1107,OklahomaCity,112,170,SanAntonio,121.0,-200.0,214.5,211.5,-5.0,-5.0,0.35714285714285715,0.6428571428571429
113,1107,Miami,124,110,Phoenix,108.0,-130.0,216.0,220.0,-0.0,-2.0,0.4572564612326044,0.5427435387673957
114,1107,Portland,101,190,LAClippers,107.0,-240.0,224.5,231.0,-5.5,-5.5,0.3281853281853282,0.6718146718146719
115,1108,Detroit,106,210,Indiana,112.0,-260.0,210.0,210.0,-7.5,-6.0,0.30874785591766724,0.6912521440823327
116,1108,Cleveland,113,160,Washington,100.0,-190.0,227.0,233.0,-4.5,-4.5,0.3698979591836735,0.6301020408163266
117,1108,Memphis,86,260,Orlando,118.0,-330.0,208.0,208.5,-6.0,-7.5,0.2657601977750309,0.7342398022249692
118,1108,Sacramento,121,-150,Atlanta,109.0,130.0,220.5,225.5,-1.0,3.0,0.5798319327731092,0.42016806722689076
119,1108,GoldenState,119,525,Minnesota,125.0,-750.0,230.0,228.5,-11.0,-11.5,0.15349887133182846,0.8465011286681716
120,1108,Toronto,122,-135,NewOrleans,104.0,115.0,233.0,232.5,2.0,2.5,0.552594002855783,0.447405997144217
121,1108,NewYork,106,500,Dallas,102.0,-700.0,217.0,215.5,-11.0,-11.0,0.15999999999999998,0.84
122,1108,Milwaukee,100,-135,Utah,103.0,115.0,216.0,217.5,-0.0,2.0,0.552594002855783,0.447405997144217
123,1108,Philadelphia,97,180,Denver,100.0,-220.0,210.0,211.5,-5.5,-5.0,0.3418803418803419,0.6581196581196581
124,1108,Brooklyn,119,145,Portland,115.0,-170.0,233.0,239.5,-2.5,-3.5,0.39329934450109244,0.6067006554989074
125,1108,Miami,80,325,LALakers,95.0,-425.0,215.5,218.0,-8.0,-8.5,0.22520107238605896,0.774798927613941
126,1109,Boston,135,105,SanAntonio,115.0,-125.0,216.5,218.5,-2.0,-1.5,0.4675324675324675,0.5324675324675325
127,1109,NewOrleans,115,-125,Charlotte,110.0,105.0,231.5,232.0,1.5,1.5,0.5324675324675325,0.4675324675324675
128,1109,GoldenState,108,600,OklahomaCity,114.0,-900.0,220.0,216.0,-11.0,-12.5,0.136986301369863,0.863013698630137
129,1109,Dallas,138,-240,Memphis,122.0,190.0,220.0,222.0,4.0,5.5,0.6718146718146719,0.3281853281853282
130,1109,Houston,117,-275,Chicago,94.0,225.0,233.5,234.0,5.5,6.5,0.7044334975369458,0.29556650246305427
131,1110,Denver,100,-180,Minnesota,98.0,150.0,217.0,219.0,1.0,4.0,0.6164383561643836,0.3835616438356164
132,1110,Indiana,109,170,Orlando,102.0,-200.0,203.0,202.5,-1.0,-4.5,0.35714285714285715,0.6428571428571429
133,1110,Charlotte,106,750,Philadelphia,114.0,-1200.0,215.0,213.5,-13.5,-14.0,0.11304347826086955,0.8869565217391304
134,1110,Milwaukee,121,-425,OklahomaCity,119.0,325.0,222.5,219.5,7.0,9.0,0.774798927613941,0.22520107238605896
135,1110,Cleveland,108,110,NewYork,87.0,-130.0,210.5,213.0,-2.0,-2.0,0.4572564612326044,0.5427435387673957
136,1110,Brooklyn,112,130,Phoenix,138.0,-150.0,233.0,231.5,-0.0,-3.0,0.42016806722689076,0.5798319327731092
137,1110,Atlanta,113,325,Portland,124.0,-425.0,227.5,226.0,-8.5,-9.0,0.22520107238605896,0.774798927613941
138,1110,Toronto,113,450,LALakers,104.0,-650.0,215.5,210.5,-9.5,-10.5,0.17341040462427745,0.8265895953757225
139,1111,Minnesota,120,155,Detroit,114.0,-185.0,224.5,223.5,-1.0,-4.0,0.37661050545094155,0.6233894945490586
140,1111,Dallas,106,125,Boston,116.0,-145.0,219.5,220.0,-3.0,-3.0,0.42888402625820565,0.5711159737417943
141,1111,Memphis,113,450,SanAntonio,109.0,-650.0,224.0,224.0,-10.5,-10.5,0.17341040462427745,0.8265895953757225
142,1111,Houston,122,-350,NewOrleans,116.0,275.0,243.0,242.5,4.0,7.5,0.7446808510638298,0.2553191489361702
143,1111,Utah,122,-400,GoldenState,108.0,300.0,211.5,211.5,10.0,8.0,0.7619047619047619,0.23809523809523808
144,1111,Toronto,88,375,LAClippers,98.0,-500.0,222.5,221.5,-10.5,-10.0,0.20168067226890757,0.7983193277310925
145,1112,Cleveland,97,525,Philadelphia,98.0,-750.0,214.5,220.5,-12.0,-11.0,0.15349887133182846,0.8465011286681716
146,1112,OklahomaCity,85,100,Indiana,111.0,-120.0,209.5,212.5,-3.0,-1.5,0.4782608695652174,0.5217391304347826
147,1112,Detroit,108,300,Miami,117.0,-400.0,216.5,215.0,-7.0,-8.5,0.23809523809523808,0.7619047619047619
148,1112,NewYork,102,225,Chicago,120.0,-275.0,213.0,212.0,-6.0,-6.5,0.29556650246305427,0.7044334975369458
149,1112,LALakers,123,-165,Phoenix,115.0,142.0,216.5,221.0,2.0,3.5,0.6010838476591901,0.39891615234080985
150,1112,Atlanta,125,450,Denver,121.0,-650.0,214.5,209.5,-11.0,-10.5,0.17341040462427745,0.8265895953757225
151,1112,Brooklyn,114,240,Utah,119.0,-300.0,217.0,220.0,-6.5,-7.0,0.28169014084507044,0.7183098591549295
152,1112,Portland,99,-125,Sacramento,107.0,105.0,227.0,222.5,-0.0,1.5,0.5324675324675325,0.4675324675324675
153,1113,Philadelphia,97,110,Orlando,112.0,-130.0,205.5,207.5,1.5,-2.0,0.4572564612326044,0.5427435387673957
154,1113,Memphis,119,120,Charlotte,117.0,-140.0,220.0,221.0,-1.5,-2.5,0.43795620437956206,0.562043795620438
155,1113,LAClippers,93,115,Houston,102.0,-135.0,233.0,233.5,-2.0,-2.0,0.447405997144217,0.552594002855783
156,1113,Washington,133,250,Boston,140.0,-310.0,228.0,230.0,-10.0,-7.0,0.27424749163879597,0.725752508361204
157,1113,SanAntonio,114,100,Minnesota,129.0,-120.0,227.5,228.5,-1.0,-1.5,0.4782608695652174,0.5217391304347826
158,1113,Toronto,114,140,Portland,106.0,-160.0,221.0,218.5,-3.0,-3.5,0.40372670807453415,0.5962732919254659
159,1113,GoldenState,94,350,LALakers,120.0,-450.0,216.0,219.0,-10.5,-9.0,0.21359223300970873,0.7864077669902912
160,1114,Miami,108,-200,Cleveland,97.0,170.0,216.0,215.0,4.5,4.5,0.6428571428571429,0.35714285714285715
161,1114,Chicago,115,550,Milwaukee,124.0,-800.0,230.0,228.5,-11.5,-11.5,0.1475409836065574,0.8524590163934427
162,1114,Dallas,103,-340,NewYork,106.0,270.0,216.5,214.5,6.5,8.0,0.740871613663133,0.2591283863368669
163,1114,LAClippers,127,-190,NewOrleans,132.0,160.0,236.5,233.0,1.0,4.0,0.6301020408163266,0.3698979591836735
164,1114,Atlanta,112,270,Phoenix,128.0,-340.0,227.5,229.5,-6.0,-8.0,0.2591283863368669,0.740871613663133
165,1114,Brooklyn,93,275,Denver,101.0,-350.0,225.5,222.5,-7.5,-7.5,0.2553191489361702,0.7446808510638298
166,1115,Detroit,106,-180,Charlotte,109.0,150.0,219.0,220.5,3.0,4.0,0.6164383561643836,0.3835616438356164
167,1115,SanAntonio,109,125,Orlando,111.0,-145.0,212.5,211.0,-1.0,-2.5,0.42888402625820565,0.5711159737417943
168,1115,Washington,137,200,Minnesota,116.0,-250.0,238.0,239.5,-7.0,-6.0,0.3181818181818181,0.6818181818181818
169,1115,Indiana,102,210,Houston,111.0,-260.0,226.0,226.5,-5.0,-6.0,0.30874785591766724,0.6912521440823327
170,1115,Philadelphia,119,-160,OklahomaCity,127.0,140.0,214.0,214.5,3.5,3.5,0.5962732919254659,0.40372670807453415
171,1115,Utah,106,-350,Memphis,107.0,275.0,215.0,215.0,7.5,8.0,0.7446808510638298,0.2553191489361702
172,1115,Boston,105,-310,GoldenState,100.0,250.0,225.5,223.0,7.5,7.0,0.725752508361204,0.27424749163879597
173,1115,Sacramento,97,425,LALakers,99.0,-600.0,218.5,214.0,-10.5,-10.5,0.18181818181818185,0.8181818181818182
174,1116,Brooklyn,117,150,Chicago,111.0,-180.0,231.5,225.0,-1.0,-4.0,0.3835616438356164,0.6164383561643836
175,1116,Milwaukee,102,-330,Indiana,83.0,260.0,227.5,220.0,5.0,7.5,0.7342398022249692,0.2657601977750309
176,1116,Charlotte,103,150,NewYork,102.0,-180.0,211.5,213.0,-4.0,-4.0,0.3835616438356164,0.6164383561643836
177,1116,Houston,125,115,Minnesota,105.0,-135.0,236.0,231.5,1.0,-2.0,0.447405997144217,0.552594002855783
178,1116,NewOrleans,94,260,Miami,109.0,-330.0,231.0,226.5,-6.5,-8.0,0.2657601977750309,0.7342398022249692
179,1116,Toronto,102,155,Dallas,110.0,-185.0,218.5,218.0,-3.0,-4.5,0.37661050545094155,0.6233894945490586
180,1116,Portland,121,110,SanAntonio,116.0,-130.0,227.0,226.0,-2.5,-1.5,0.4572564612326044,0.5427435387673957
181,1116,Atlanta,101,375,LAClippers,150.0,-500.0,227.5,224.0,-13.0,-9.0,0.20168067226890757,0.7983193277310925
182,1117,Philadelphia,114,-310,Cleveland,95.0,250.0,215.5,216.0,7.0,7.5,0.725752508361204,0.27424749163879597
183,1117,Boston,99,-145,Sacramento,100.0,125.0,217.5,215.0,3.5,2.5,0.5711159737417943,0.42888402625820565
184,1117,Denver,131,-275,Memphis,114.0,225.0,212.0,215.0,7.0,6.5,0.7044334975369458,0.29556650246305427
185,1117,Washington,121,190,Orlando,125.0,-240.0,222.0,226.0,-6.5,-5.5,0.3281853281853282,0.6718146718146719
186,1117,GoldenState,100,140,NewOrleans,108.0,-160.0,231.0,226.5,-4.5,-3.5,0.40372670807453415,0.5962732919254659
187,1117,Atlanta,101,900,LALakers,122.0,-1600.0,218.5,220.5,-14.0,-14.5,0.096045197740113,0.9039548022598869
188,1118,Cleveland,105,190,NewYork,123.0,-240.0,208.5,210.0,-3.0,-5.5,0.3281853281853282,0.6718146718146719
189,1118,Indiana,115,120,Brooklyn,86.0,-140.0,221.0,214.0,-4.0,-2.5,0.43795620437956206,0.562043795620438
190,1118,Charlotte,96,300,Toronto,132.0,-400.0,215.5,214.5,-9.5,-8.5,0.23809523809523808,0.7619047619047619
191,1118,Milwaukee,115,-400,Chicago,101.0,300.0,230.0,231.0,6.0,8.5,0.7619047619047619,0.23809523809523808
192,1118,Portland,108,250,Houston,132.0,-310.0,231.5,231.0,-6.5,-7.0,0.27424749163879597,0.725752508361204
193,1118,SanAntonio,110,170,Dallas,117.0,-200.0,226.5,224.0,-4.5,-5.0,0.35714285714285715,0.6428571428571429
194,1118,Minnesota,112,375,Utah,102.0,-500.0,217.5,219.5,-9.5,-9.5,0.20168067226890757,0.7983193277310925
195,1118,Boston,99,115,Phoenix,85.0,-135.0,227.5,226.0,-3.5,-2.5,0.447405997144217,0.552594002855783
196,1118,OklahomaCity,88,300,LAClippers,90.0,-400.0,219.5,221.5,-9.5,-7.5,0.23809523809523808,0.7619047619047619
197,1119,Portland,104,140,NewOrleans,115.0,-160.0,231.5,231.5,3.0,-3.5,0.40372670807453415,0.5962732919254659
198,1119,GoldenState,114,210,Memphis,95.0,-260.0,222.0,221.5,-5.5,-6.0,0.30874785591766724,0.6912521440823327
199,1119,Phoenix,116,135,Sacramento,120.0,-155.0,221.5,219.0,-0.0,-3.0,0.4117884537747275,0.5882115462252725
200,1119,OklahomaCity,107,500,LALakers,112.0,-700.0,210.5,209.5,-11.0,-11.0,0.15999999999999998,0.84
201,1120,NewYork,104,600,Philadelphia,109.0,-900.0,213.5,210.5,-12.5,-12.5,0.136986301369863,0.863013698630137
202,1120,SanAntonio,132,-130,Washington,138.0,110.0,239.5,237.5,3.0,2.0,0.5427435387673957,0.4572564612326044
203,1120,Cleveland,100,375,Miami,124.0,-500.0,214.0,213.5,-10.0,-9.5,0.20168067226890757,0.7983193277310925
204,1120,Milwaukee,135,-700,Atlanta,127.0,500.0,233.0,232.0,10.0,11.0,0.84,0.15999999999999998
205,1120,GoldenState,94,900,Dallas,142.0,-1600.0,221.5,216.0,-13.5,-15.0,0.096045197740113,0.9039548022598869
206,1120,Charlotte,91,160,Brooklyn,101.0,-190.0,221.5,219.0,-5.5,-4.5,0.3698979591836735,0.6301020408163266
207,1120,Orlando,97,130,Toronto,113.0,-150.0,208.5,207.0,-4.5,-3.0,0.42016806722689076,0.5798319327731092
208,1120,Detroit,89,-115,Chicago,109.0,-105.0,218.5,222.5,-1.5,1.0,0.5108342361863488,0.4891657638136511
209,1120,Utah,103,-150,Minnesota,95.0,130.0,218.0,222.0,4.0,3.0,0.5798319327731092,0.42016806722689076
210,1120,Houston,95,105,Denver,105.0,-125.0,225.0,221.5,-2.0,-1.5,0.4675324675324675,0.5324675324675325
211,1120,Boston,104,240,LAClippers,107.0,-300.0,219.0,217.0,-6.0,-7.0,0.28169014084507044,0.7183098591549295
212,1121,Portland,129,750,Milwaukee,137.0,-1200.0,230.0,228.5,-12.0,-14.0,0.11304347826086955,0.8869565217391304
213,1121,NewOrleans,124,135,Phoenix,121.0,-155.0,233.0,234.0,-3.0,-3.0,0.4117884537747275,0.5882115462252725
214,1122,Atlanta,103,215,Detroit,128.0,-265.0,225.0,226.5,-5.5,-6.0,0.30423004792665137,0.6957699520733487
215,1122,Charlotte,118,200,Washington,125.0,-250.0,233.0,234.5,-5.0,-6.0,0.3181818181818181,0.6818181818181818
216,1122,Sacramento,97,115,Brooklyn,116.0,-135.0,218.0,214.0,-2.0,-2.0,0.447405997144217,0.552594002855783
217,1122,SanAntonio,104,240,Philadelphia,115.0,-300.0,224.5,221.0,-8.0,-7.0,0.28169014084507044,0.7183098591549295
218,1122,Miami,116,-190,Chicago,108.0,160.0,214.5,217.0,4.0,4.5,0.6301020408163266,0.3698979591836735
219,1122,LALakers,130,-200,OklahomaCity,127.0,170.0,211.0,209.5,4.5,4.5,0.6428571428571429,0.35714285714285715
220,1122,Cleveland,101,450,Dallas,143.0,-650.0,220.0,221.5,-10.0,-10.0,0.17341040462427745,0.8265895953757225
221,1122,Boston,92,175,Denver,96.0,-210.0,206.0,206.5,-4.5,-5.0,0.34929577464788736,0.6507042253521127
222,1122,GoldenState,109,1300,Utah,113.0,-3500.0,210.5,208.5,-16.0,-16.0,0.06844106463878326,0.9315589353612167
223,1122,Houston,119,175,LAClippers,122.0,-210.0,228.0,226.5,-5.0,-5.5,0.34929577464788736,0.6507042253521127
224,1123,Phoenix,100,170,Minnesota,98.0,-200.0,231.0,234.5,-4.5,-4.5,0.35714285714285715,0.6428571428571429
225,1123,Chicago,116,-130,Charlotte,115.0,110.0,216.0,219.5,2.0,2.0,0.5427435387673957,0.4572564612326044
226,1123,Orlando,106,225,Indiana,111.0,-275.0,204.5,201.5,-6.0,-6.5,0.29556650246305427,0.7044334975369458
227,1123,Miami,86,200,Philadelphia,113.0,-250.0,214.5,211.5,-4.0,-5.5,0.3181818181818181,0.6818181818181818
228,1123,SanAntonio,111,-155,NewYork,104.0,135.0,218.0,217.0,2.5,3.0,0.5882115462252725,0.4117884537747275
229,1123,Toronto,119,-330,Atlanta,116.0,260.0,223.5,223.5,6.5,7.5,0.7342398022249692,0.2657601977750309
230,1123,LALakers,109,-360,Memphis,108.0,280.0,221.0,225.5,8.0,8.0,0.7483588621444202,0.25164113785557984
231,1123,Portland,104,-275,Cleveland,110.0,225.0,222.5,226.0,5.0,6.5,0.7044334975369458,0.29556650246305427
232,1123,Detroit,90,750,Milwaukee,104.0,-1200.0,230.5,225.5,-11.5,-13.0,0.11304347826086955,0.8869565217391304
233,1123,NewOrleans,120,190,Utah,128.0,-240.0,222.5,226.0,-8.0,-5.5,0.3281853281853282,0.6718146718146719
234,1124,Dallas,137,190,Houston,123.0,-240.0,232.0,230.0,-5.0,-5.5,0.3281853281853282,0.6718146718146719
235,1124,Sacramento,113,115,Washington,106.0,-135.0,236.5,233.0,-2.0,-2.5,0.447405997144217,0.552594002855783
236,1124,Brooklyn,103,-135,NewYork,101.0,115.0,212.0,215.0,2.0,2.5,0.552594002855783,0.447405997144217
237,1124,Phoenix,104,500,Denver,116.0,-700.0,213.5,214.0,-9.0,-11.0,0.15999999999999998,0.84
238,1124,NewOrleans,109,750,LAClippers,134.0,-1200.0,234.0,233.0,-12.0,-13.0,0.11304347826086955,0.8869565217391304
239,1125,Orlando,88,160,Detroit,103.0,-190.0,207.5,207.5,-5.5,-4.5,0.3698979591836735,0.6301020408163266
240,1125,Memphis,114,375,Indiana,126.0,-500.0,217.5,217.0,-8.0,-9.5,0.20168067226890757,0.7983193277310925
241,1125,Brooklyn,108,100,Cleveland,106.0,-120.0,217.5,218.5,-0.0,-1.0,0.4782608695652174,0.5217391304347826
242,1125,Philadelphia,96,-125,Toronto,101.0,105.0,214.0,212.0,-1.0,1.5,0.5324675324675325,0.4675324675324675
243,1125,Sacramento,102,235,Boston,103.0,-290.0,209.0,205.5,-6.5,-6.0,0.28644876973925815,0.7135512302607419
244,1125,Charlotte,100,500,Miami,117.0,-700.0,215.0,212.5,-10.5,-10.5,0.15999999999999998,0.84
245,1125,Minnesota,125,-190,Atlanta,113.0,160.0,233.5,236.5,4.5,4.5,0.6301020408163266,0.3698979591836735
246,1125,Utah,118,325,Milwaukee,122.0,-425.0,224.5,226.5,-6.5,-8.5,0.22520107238605896,0.774798927613941
247,1125,Portland,117,-120,Chicago,94.0,100.0,227.5,225.5,1.0,1.0,0.5217391304347826,0.4782608695652174
248,1125,LALakers,114,-200,SanAntonio,104.0,170.0,223.0,222.5,4.5,4.5,0.6428571428571429,0.35714285714285715
249,1125,OklahomaCity,100,-330,GoldenState,97.0,260.0,215.0,213.0,6.5,7.5,0.7342398022249692,0.2657601977750309
250,1126,LAClippers,114,-125,Dallas,99.0,105.0,227.5,226.5,2.5,1.5,0.5324675324675325,0.4675324675324675
251,1126,Washington,104,450,Denver,117.0,-650.0,227.0,227.5,-10.0,-10.5,0.17341040462427745,0.8265895953757225
252,1127,Utah,102,-110,Indiana,121.0,-110.0,209.5,207.5,-1.0,-0.0,0.5,0.5
253,1127,Brooklyn,110,300,Boston,121.0,-400.0,217.5,214.0,-7.0,-8.5,0.23809523809523808,0.7619047619047619
254,1127,Sacramento,91,375,Philadelphia,97.0,-500.0,209.0,211.0,-9.5,-9.0,0.20168067226890757,0.7983193277310925
255,1127,Orlando,116,-110,Cleveland,104.0,-110.0,206.0,209.5,1.0,-0.0,0.5,0.5
256,1127,Detroit,101,-180,Charlotte,102.0,150.0,216.5,215.5,4.0,3.5,0.6164383561643836,0.3835616438356164
257,1127,NewYork,98,425,Toronto,126.0,-600.0,209.5,211.0,-10.5,-9.5,0.18181818181818185,0.8181818181818182
258,1127,Atlanta,102,900,Milwaukee,111.0,-1600.0,239.5,239.5,-14.5,-14.5,0.096045197740113,0.9039548022598869
259,1127,LAClippers,121,-275,Memphis,119.0,225.0,226.5,226.5,8.0,6.5,0.7044334975369458,0.29556650246305427
260,1127,Miami,108,250,Houston,117.0,-310.0,227.0,227.0,-6.0,-7.0,0.27424749163879597,0.725752508361204
261,1127,Minnesota,113,130,SanAntonio,101.0,-150.0,228.0,230.0,-1.5,-3.0,0.42016806722689076,0.5798319327731092
262,1127,Washington,140,235,Phoenix,132.0,-290.0,242.5,240.5,-8.0,-6.5,0.28644876973925815,0.7135512302607419
263,1127,LALakers,114,-330,NewOrleans,110.0,260.0,231.5,231.5,6.5,6.5,0.7342398022249692,0.2657601977750309
264,1127,OklahomaCity,119,125,Portland,136.0,-145.0,220.0,219.5,-3.0,-2.5,0.42888402625820565,0.5711159737417943
265,1127,Chicago,90,-130,GoldenState,104.0,110.0,216.5,215.0,3.0,2.0,0.5427435387673957,0.4572564612326044
266,1129,Boston,107,-180,Brooklyn,112.0,150.0,217.0,213.5,3.5,4.0,0.6164383561643836,0.3835616438356164
267,1129,Charlotte,110,260,Detroit,107.0,-330.0,213.0,213.0,-7.5,-8.0,0.2657601977750309,0.7342398022249692
268,1129,Toronto,90,-150,Orlando,83.0,130.0,205.5,209.0,3.0,3.0,0.5798319327731092,0.42016806722689076
269,1129,Philadelphia,101,-280,NewYork,95.0,230.0,206.5,209.0,8.0,6.5,0.7085889570552146,0.29141104294478526
270,1129,Milwaukee,119,-700,Cleveland,110.0,500.0,228.0,229.5,10.0,11.0,0.84,0.15999999999999998
271,1129,Atlanta,104,500,Indiana,105.0,-700.0,225.5,224.5,-10.5,-11.0,0.15999999999999998,0.84
272,1129,GoldenState,105,525,Miami,122.0,-750.0,211.0,209.0,-11.5,-11.5,0.15349887133182846,0.8465011286681716
273,1129,NewOrleans,104,165,OklahomaCity,109.0,-195.0,228.5,229.0,-3.5,-4.5,0.36341238065906994,0.6365876193409301
274,1129,Utah,103,-330,Memphis,94.0,260.0,219.0,223.0,7.5,7.5,0.7342398022249692,0.2657601977750309
275,1129,LAClippers,97,-220,SanAntonio,107.0,180.0,226.5,224.5,6.0,5.0,0.6581196581196581,0.3418803418803419
276,1129,Dallas,120,-135,Phoenix,113.0,115.0,232.0,230.5,1.0,2.0,0.552594002855783,0.447405997144217
277,1129,Chicago,103,240,Portland,107.0,-300.0,225.0,227.0,-7.0,-7.0,0.28169014084507044,0.7183098591549295
278,1129,Washington,103,525,LALakers,125.0,-750.0,234.0,235.5,-11.5,-11.5,0.15349887133182846,0.8465011286681716
279,1130,Denver,97,-185,Sacramento,100.0,155.0,205.5,205.5,4.0,4.0,0.6233894945490586,0.37661050545094155
280,1130,Indiana,116,210,Philadelphia,119.0,-260.0,205.0,207.5,-3.5,-6.0,0.30874785591766724,0.6912521440823327
281,1130,Charlotte,96,850,Milwaukee,137.0,-1500.0,228.5,225.0,-14.5,-14.0,0.10094637223974764,0.8990536277602524
282,1130,Atlanta,111,850,Houston,158.0,-1500.0,238.5,238.0,-13.5,-14.0,0.10094637223974764,0.8990536277602524
283,1201,Miami,109,-185,Brooklyn,106.0,155.0,216.5,215.0,3.5,4.0,0.6233894945490586,0.37661050545094155
284,1201,Boston,113,-400,NewYork,104.0,300.0,209.5,208.5,7.0,7.5,0.7619047619047619,0.23809523809523808
285,1201,Memphis,115,650,Minnesota,107.0,-1000.0,231.0,231.0,-8.5,-12.0,0.12790697674418605,0.8720930232558138
286,1201,Dallas,114,225,LALakers,100.0,-275.0,222.5,222.5,-5.5,-6.5,0.29556650246305427,0.7044334975369458
287,1201,SanAntonio,98,120,Detroit,132.0,-140.0,217.0,217.5,-1.5,-2.5,0.43795620437956206,0.562043795620438
288,1201,OklahomaCity,107,120,NewOrleans,104.0,-140.0,228.5,226.5,-1.5,-2.5,0.43795620437956206,0.562043795620438
289,1201,GoldenState,96,275,Orlando,100.0,-350.0,206.5,204.5,-8.5,-7.5,0.2553191489361702,0.7446808510638298
290,1201,Utah,110,110,Toronto,130.0,-130.0,210.0,208.0,-2.5,-2.0,0.4572564612326044,0.5427435387673957
291,1201,Washington,125,650,LAClippers,150.0,-1000.0,237.0,240.0,-12.5,-12.0,0.12790697674418605,0.8720930232558138
292,1202,Utah,94,180,Philadelphia,103.0,-220.0,208.0,208.5,-4.5,-5.0,0.3418803418803419,0.6581196581196581
293,1202,Phoenix,109,-170,Charlotte,104.0,145.0,225.5,221.5,4.5,4.0,0.6067006554989074,0.39329934450109244
294,1202,GoldenState,79,210,Atlanta,104.0,-260.0,222.0,222.5,-5.5,-6.5,0.30874785591766724,0.6912521440823327
295,1202,Indiana,117,-450,Memphis,104.0,350.0,218.5,216.5,10.0,9.0,0.7864077669902912,0.21359223300970873
296,1202,NewYork,88,1200,Milwaukee,132.0,-3000.0,220.5,222.5,-16.0,-17.0,0.07363420427553445,0.9263657957244656
297,1202,Chicago,113,180,Sacramento,106.0,-220.0,211.0,212.0,-5.0,-5.0,0.3418803418803419,0.6581196581196581
298,1203,Detroit,127,-165,Cleveland,94.0,142.0,214.5,216.5,2.0,3.5,0.6010838476591901,0.39891615234080985
299,1203,Orlando,127,-110,Washington,120.0,-110.0,227.5,229.5,-1.5,-0.0,0.5,0.5
300,1203,Dallas,118,-200,NewOrleans,97.0,170.0,233.5,233.0,3.5,4.5,0.6428571428571429,0.35714285714285715
301,1203,Miami,121,190,Toronto,110.0,-240.0,213.0,212.0,-4.0,-5.5,0.3281853281853282,0.6718146718146719
302,1203,Houston,133,-330,SanAntonio,135.0,260.0,233.5,234.0,6.0,7.0,0.7342398022249692,0.2657601977750309
303,1203,LALakers,105,115,Denver,96.0,-135.0,211.0,207.5,-1.0,-2.5,0.447405997144217,0.552594002855783
304,1203,Portland,97,350,LAClippers,117.0,-450.0,229.0,233.0,-9.0,-9.0,0.21359223300970873,0.7864077669902912
305,1204,Milwaukee,127,-500,Detroit,103.0,375.0,225.5,223.0,7.5,9.0,0.7983193277310925,0.20168067226890757
306,1204,Phoenix,114,-125,Orlando,128.0,105.0,215.0,213.5,1.5,1.5,0.5324675324675325,0.4675324675324675
307,1204,GoldenState,91,120,Charlotte,106.0,-140.0,209.0,213.0,-3.0,-2.5,0.43795620437956206,0.562043795620438
308,1204,Brooklyn,130,-150,Atlanta,118.0,130.0,225.0,228.0,3.0,3.0,0.5798319327731092,0.42016806722689076
309,1204,Miami,93,185,Boston,112.0,-230.0,213.0,209.0,-5.5,-5.5,0.334855403348554,0.665144596651446
310,1204,Memphis,99,240,Chicago,106.0,-300.0,221.0,223.0,-6.0,-6.5,0.28169014084507044,0.7183098591549295
311,1204,Indiana,107,-125,OklahomaCity,100.0,105.0,213.5,209.0,-0.0,1.0,0.5324675324675325,0.4675324675324675
312,1204,Minnesota,114,190,Dallas,121.0,-240.0,230.0,229.0,-4.0,-5.5,0.3281853281853282,0.6718146718146719
313,1204,LALakers,121,105,Utah,96.0,-125.0,211.5,212.5,0.0,-2.0,0.4675324675324675,0.5324675324675325
314,1204,Sacramento,116,180,Portland,127.0,-220.0,218.5,216.5,-3.0,-5.0,0.3418803418803419,0.6581196581196581
315,1205,Philadelphia,113,-380,Washington,119.0,290.0,234.5,233.0,5.5,8.0,0.7553516819571866,0.24464831804281348
316,1205,Houston,119,110,Toronto,109.0,-130.0,230.0,230.5,-1.5,-2.0,0.4572564612326044,0.5427435387673957
317,1205,Denver,129,-420,NewYork,92.0,320.0,203.0,205.0,9.0,9.0,0.7723292469352013,0.2276707530647986
318,1205,Phoenix,139,155,NewOrleans,132.0,-185.0,232.0,235.0,-1.5,-4.0,0.37661050545094155,0.6233894945490586
319,1206,Indiana,101,-125,Detroit,108.0,105.0,213.0,212.0,2.5,1.5,0.5324675324675325,0.4675324675324675
320,1206,Orlando,93,-190,Cleveland,87.0,160.0,212.5,210.0,2.5,4.5,0.6301020408163266,0.3698979591836735
321,1206,Brooklyn,111,-150,Charlotte,104.0,130.0,217.5,219.0,3.5,3.0,0.5798319327731092,0.42016806722689076
322,1206,Minnesota,127,145,OklahomaCity,139.0,-170.0,220.0,218.0,-2.0,-3.5,0.39329934450109244,0.6067006554989074
323,1206,Washington,103,400,Miami,112.0,-550.0,234.0,229.0,-10.5,-9.5,0.19117647058823528,0.8088235294117646
324,1206,GoldenState,100,160,Chicago,98.0,-190.0,212.5,215.0,-5.0,-4.5,0.3698979591836735,0.6301020408163266
325,1206,Denver,95,140,Boston,108.0,-160.0,203.0,205.5,-3.0,-3.0,0.40372670807453415,0.5962732919254659
326,1206,LAClippers,91,160,Milwaukee,119.0,-190.0,232.0,233.5,-3.0,-4.5,0.3698979591836735,0.6301020408163266
327,1206,Sacramento,104,155,SanAntonio,105.0,-185.0,215.0,214.5,-3.5,-4.0,0.37661050545094155,0.6233894945490586
328,1206,LALakers,136,-200,Portland,113.0,170.0,221.5,225.0,3.5,5.0,0.6428571428571429,0.35714285714285715
329,1207,NewOrleans,84,350,Dallas,130.0,-450.0,233.0,232.0,-9.0,-9.0,0.21359223300970873,0.7864077669902912
330,1207,Cleveland,94,500,Philadelphia,141.0,-700.0,213.5,215.0,-12.5,-11.0,0.15999999999999998,0.84
331,1207,Indiana,104,-220,NewYork,103.0,180.0,209.5,208.0,6.5,5.5,0.6581196581196581,0.3418803418803419
332,1207,Phoenix,109,525,Houston,115.0,-750.0,239.5,240.5,-9.0,-11.0,0.15349887133182846,0.8465011286681716
333,1207,Memphis,112,550,Utah,126.0,-800.0,218.0,217.5,-12.5,-11.5,0.1475409836065574,0.8524590163934427
334,1208,Denver,102,-185,Brooklyn,105.0,155.0,209.0,212.5,3.5,4.5,0.6233894945490586,0.37661050545094155
335,1208,Atlanta,122,105,Charlotte,107.0,-125.0,224.5,223.0,-2.0,-1.5,0.4675324675324675,0.5324675324675325
336,1208,Toronto,104,130,Philadelphia,110.0,-150.0,210.5,214.0,-3.0,-3.0,0.42016806722689076,0.5798319327731092
337,1208,Chicago,105,250,Miami,110.0,-310.0,212.0,210.5,-7.5,-7.0,0.27424749163879597,0.725752508361204
338,1208,LAClippers,135,-450,Washington,119.0,350.0,238.5,236.0,7.5,9.0,0.7864077669902912,0.21359223300970873
339,1208,Sacramento,110,330,Dallas,106.0,-430.0,216.0,216.0,-7.5,-9.0,0.22278268179907523,0.7772173182009248
340,1208,OklahomaCity,108,150,Portland,96.0,-180.0,223.0,223.0,-4.0,-4.0,0.3835616438356164,0.6164383561643836
341,1208,Minnesota,125,450,LALakers,142.0,-650.0,226.0,227.5,-10.5,-10.0,0.17341040462427745,0.8265895953757225
342,1209,LAClippers,110,130,Indiana,99.0,-150.0,1105.0,216.5,216.0,-3.0,0.42016806722689076,0.5798319327731092
343,1209,Cleveland,88,800,Boston,110.0,-1400.0,213.5,216.0,-13.0,-13.5,0.10638297872340424,0.8936170212765957
344,1209,Toronto,93,-270,Chicago,92.0,220.0,216.0,213.5,5.0,6.5,0.7001620745542949,0.299837925445705
345,1209,Detroit,105,-110,NewOrleans,103.0,-110.0,226.5,227.5,-1.0,-0.0,0.5,0.5
346,1209,Sacramento,119,600,Houston,118.0,-900.0,227.0,225.5,-12.0,-12.0,0.136986301369863,0.863013698630137
347,1209,Orlando,101,650,Milwaukee,110.0,-1000.0,219.0,217.5,-11.5,-13.0,0.12790697674418605,0.8720930232558138
348,1209,Minnesota,109,140,Phoenix,125.0,-160.0,234.0,233.0,-3.5,-3.5,0.40372670807453415,0.5962732919254659
349,1209,OklahomaCity,104,320,Utah,90.0,-420.0,1111.0,206.5,212.5,-9.0,0.2276707530647986,0.7723292469352013
350,1209,Memphis,110,140,GoldenState,102.0,-160.0,217.5,220.0,-3.0,-3.5,0.40372670807453415,0.5962732919254659
351,1210,Denver,92,180,Philadelphia,97.0,-220.0,206.0,208.0,-3.5,-5.5,0.3418803418803419,0.6581196581196581
352,1210,Washington,107,-130,Charlotte,114.0,110.0,234.0,229.0,1.0,2.0,0.5427435387673957,0.4572564612326044
353,1210,Atlanta,121,325,Miami,135.0,-425.0,217.5,219.0,-9.0,-8.5,0.22520107238605896,0.774798927613941
354,1210,NewYork,87,375,Portland,115.0,-500.0,218.5,223.5,-9.5,-9.5,0.20168067226890757,0.7983193277310925
355,1211,Boston,117,100,Indiana,122.0,-120.0,209.5,211.0,-2.0,-1.0,0.4782608695652174,0.5217391304347826
356,1211,LAClippers,112,-150,Toronto,92.0,130.0,220.0,222.5,2.0,2.5,0.5798319327731092,0.42016806722689076
357,1211,LALakers,96,-430,Orlando,87.0,330.0,212.0,210.5,6.5,8.5,0.7772173182009248,0.22278268179907523
358,1211,Houston,116,-800,Cleveland,110.0,550.0,228.5,230.0,10.5,11.5,0.8524590163934427,0.1475409836065574
359,1211,Charlotte,113,400,Brooklyn,108.0,-550.0,217.0,217.0,-9.0,-10.0,0.19117647058823528,0.8088235294117646
360,1211,Utah,127,-105,Minnesota,116.0,-115.0,222.5,220.5,1.5,-1.0,0.4891657638136511,0.5108342361863488
361,1211,Atlanta,102,225,Chicago,136.0,-275.0,222.5,221.5,-4.5,-6.5,0.29556650246305427,0.7044334975369458
362,1211,Memphis,115,240,Phoenix,108.0,-300.0,231.5,230.5,-7.0,-7.0,0.28169014084507044,0.7183098591549295
363,1211,NewOrleans,112,350,Milwaukee,127.0,-450.0,234.0,232.5,-14.0,-9.5,0.21359223300970873,0.7864077669902912
364,1211,OklahomaCity,93,105,Sacramento,94.0,-125.0,210.5,207.5,-1.0,-1.5,0.4675324675324675,0.5324675324675325
365,1211,NewYork,124,175,GoldenState,122.0,-210.0,210.5,211.0,-4.5,-5.0,0.34929577464788736,0.6507042253521127
366,1212,Philadelphia,115,-105,Boston,109.0,-115.0,210.0,212.5,-1.5,-1.0,0.4891657638136511,0.5108342361863488
367,1212,Cleveland,117,600,SanAntonio,109.0,-900.0,219.5,218.5,-10.0,-11.5,0.136986301369863,0.863013698630137
368,1212,Dallas,122,-310,Detroit,111.0,250.0,220.5,217.5,5.0,6.5,0.725752508361204,0.27424749163879597
369,1212,Portland,99,260,Denver,114.0,-330.0,214.0,216.5,-5.5,-7.5,0.2657601977750309,0.7342398022249692
370,1213,Houston,130,-275,Orlando,107.0,225.0,222.0,220.5,6.0,6.5,0.7044334975369458,0.29556650246305427
371,1213,NewOrleans,109,250,Philadelphia,116.0,-310.0,222.5,222.0,-8.0,-7.0,0.27424749163879597,0.725752508361204
372,1213,Indiana,110,-265,Atlanta,100.0,215.0,222.5,224.5,6.0,6.0,0.6957699520733487,0.30423004792665137
373,1213,Milwaukee,127,-1100,Memphis,114.0,700.0,228.5,229.0,11.5,12.5,0.8800000000000001,0.12000000000000002
374,1213,LALakers,113,-240,Miami,110.0,190.0,214.0,211.5,5.0,5.5,0.6718146718146719,0.3281853281853282
375,1213,LAClippers,124,-200,Minnesota,117.0,170.0,231.5,228.0,5.5,4.5,0.6428571428571429,0.35714285714285715
376,1213,Charlotte,83,230,Chicago,73.0,-280.0,214.0,213.5,-5.5,-7.0,0.29141104294478526,0.7085889570552146
377,1213,NewYork,103,330,Sacramento,101.0,-430.0,207.5,210.5,-8.0,-9.0,0.22278268179907523,0.7772173182009248
378,1213,GoldenState,106,800,Utah,114.0,-1400.0,210.5,211.0,-12.0,-14.0,0.10638297872340424,0.8936170212765957
379,1214,SanAntonio,121,-125,Phoenix,119.0,105.0,225.0,220.5,1.0,2.0,0.5324675324675325,0.4675324675324675
380,1214,Brooklyn,102,255,Toronto,110.0,-320.0,219.5,218.5,-7.5,-7.0,0.2699228791773779,0.730077120822622
381,1214,LAClippers,106,-155,Chicago,109.0,135.0,219.5,214.0,4.5,3.0,0.5882115462252725,0.4117884537747275
382,1214,Washington,111,105,Memphis,128.0,-125.0,236.5,236.5,1.0,-1.5,0.4675324675324675,0.5324675324675325
383,1214,Miami,122,325,Dallas,118.0,-425.0,215.5,216.5,-7.0,-8.5,0.22520107238605896,0.774798927613941
384,1214,Cleveland,108,850,Milwaukee,125.0,-1500.0,226.0,223.0,-13.0,-14.0,0.10094637223974764,0.8990536277602524
385,1214,Detroit,115,260,Houston,107.0,-330.0,230.0,225.5,-8.5,-7.5,0.2657601977750309,0.7342398022249692
386,1214,OklahomaCity,102,210,Denver,110.0,-260.0,205.5,204.5,-7.0,-6.0,0.30874785591766724,0.6912521440823327
387,1215,Orlando,130,-110,NewOrleans,119.0,-110.0,218.5,216.5,-1.5,-0.0,0.5,0.5
388,1215,Charlotte,85,550,Indiana,107.0,-800.0,210.0,210.0,-11.0,-11.5,0.1475409836065574,0.8524590163934427
389,1215,Philadelphia,89,-170,Brooklyn,109.0,145.0,217.5,220.0,4.5,3.5,0.6067006554989074,0.39329934450109244
390,1215,LALakers,101,-850,Atlanta,96.0,575.0,226.5,229.0,12.0,12.0,0.8579439252336449,0.14205607476635515
391,1215,NewYork,105,500,Denver,111.0,-700.0,205.0,208.5,-11.0,-10.5,0.15999999999999998,0.84
392,1215,Sacramento,100,-200,GoldenState,79.0,170.0,210.5,209.5,3.5,4.5,0.6428571428571429,0.35714285714285715
393,1216,Washington,133,120,Detroit,119.0,-140.0,230.0,232.0,-4.5,-2.5,0.43795620437956206,0.562043795620438
394,1216,Cleveland,113,750,Toronto,133.0,-1200.0,216.0,216.5,-13.0,-13.0,0.11304347826086955,0.8869565217391304
395,1216,Chicago,106,190,OklahomaCity,109.0,-240.0,206.5,208.5,-5.0,-5.5,0.3281853281853282,0.6718146718146719
396,1216,Miami,111,-145,Memphis,118.0,125.0,218.5,217.0,5.0,2.5,0.5711159737417943,0.42888402625820565
397,1216,SanAntonio,107,450,Houston,109.0,-650.0,231.5,232.0,-10.0,-10.5,0.17341040462427745,0.8265895953757225
398,1216,Dallas,120,525,Milwaukee,116.0,-750.0,227.0,227.5,-11.0,-10.5,0.15349887133182846,0.8465011286681716
399,1216,Portland,111,-135,Phoenix,110.0,115.0,227.5,227.0,1.5,2.5,0.552594002855783,0.447405997144217
400,1217,Sacramento,102,-220,Charlotte,110.0,180.0,207.0,208.0,5.5,5.0,0.6581196581196581,0.3418803418803419
401,1217,LALakers,102,-120,Indiana,105.0,100.0,211.0,213.0,3.0,1.0,0.5217391304347826,0.4782608695652174
402,1217,Atlanta,120,110,NewYork,143.0,-130.0,220.5,226.0,-0.0,-2.0,0.4572564612326044,0.5427435387673957
403,1217,Brooklyn,108,-135,NewOrleans,101.0,115.0,230.5,227.5,1.0,2.0,0.552594002855783,0.447405997144217
404,1217,Orlando,102,230,Utah,109.0,-280.0,207.5,208.0,-5.5,-6.5,0.29141104294478526,0.7085889570552146
405,1217,Phoenix,99,850,LAClippers,120.0,-1500.0,226.5,225.0,-12.5,-15.0,0.10094637223974764,0.8990536277602524
406,1218,Chicago,110,-105,Washington,109.0,-115.0,230.5,230.0,-1.0,-1.0,0.4891657638136511,0.5108342361863488
407,1218,Toronto,112,-145,Detroit,99.0,125.0,217.0,217.0,3.5,2.5,0.5711159737417943,0.42888402625820565
408,1218,Charlotte,98,125,Cleveland,100.0,-145.0,213.5,211.0,-2.5,-3.0,0.42888402625820565,0.5711159737417943
409,1218,Miami,108,290,Philadelphia,104.0,-380.0,213.0,208.5,-6.5,-8.0,0.24464831804281348,0.7553516819571866
410,1218,NewOrleans,107,145,Minnesota,99.0,-170.0,231.5,229.5,-7.0,-3.5,0.39329934450109244,0.6067006554989074
411,1218,Memphis,122,230,OklahomaCity,126.0,-280.0,217.5,219.5,-6.0,-6.5,0.29141104294478526,0.7085889570552146
412,1218,Boston,109,-130,Dallas,103.0,110.0,218.5,215.5,1.0,2.0,0.5427435387673957,0.4572564612326044
413,1218,Orlando,104,375,Denver,113.0,-500.0,203.0,205.0,-9.0,-9.0,0.20168067226890757,0.7983193277310925
414,1218,GoldenState,112,375,Portland,122.0,-500.0,219.0,221.5,-9.0,-9.0,0.20168067226890757,0.7983193277310925
415,1219,Utah,111,-280,Atlanta,106.0,230.0,224.0,224.5,6.5,6.5,0.7085889570552146,0.29141104294478526
416,1219,LALakers,104,140,Milwaukee,111.0,-160.0,225.0,227.0,-4.5,-3.5,0.40372670807453415,0.5962732919254659
417,1219,Brooklyn,105,160,SanAntonio,118.0,-190.0,219.0,219.5,-3.0,-4.0,0.3698979591836735,0.6301020408163266
418,1219,Houston,122,180,Indiana,119.0,-220.0,233.0,235.5,-5.0,-5.0,0.3418803418803419,0.6581196581196581
419,1220,Sacramento,105,180,Cleveland,114.0,120.0,224.0,222.5,206.5,209.5,0.44,0.5599999999999999
420,1220,Washington,118,220,Boston,114.0,-450.0,230.0,229.5,-7.5,-9.0,0.27638190954773867,0.7236180904522612
421,1220,Detroit,93,350,Miami,129.0,-550.0,215.0,211.0,-11.0,-9.0,0.208,0.792
422,1220,NewYork,114,400,OklahomaCity,126.0,-150.0,214.0,216.5,-4.0,-3.0,0.25,0.7499999999999999
423,1220,Phoenix,108,130,Philadelphia,98.0,-425.0,218.0,224.5,-7.5,-8.5,0.34941763727121466,0.6505823627287854
424,1220,Dallas,117,325,Denver,109.0,-750.0,213.5,212.0,-10.0,-11.0,0.21052631578947367,0.7894736842105263
425,1220,Minnesota,100,525,Portland,118.0,-170.0,216.0,215.5,-3.5,-3.5,0.2026266416510319,0.797373358348968
426,1220,Orlando,103,145,GoldenState,106.0,110.0,224.0,221.5,216.0,218.5,0.46153846153846156,0.5384615384615384
427,1220,NewOrleans,102,-130,Charlotte,107.0,240.0,210.0,208.0,1.0,2.0,0.6577380952380952,0.3422619047619048
428,1221,Atlanta,112,270,Philadelphia,125.0,-1100.0,227.5,231.5,-12.0,-12.5,0.22770398481973436,0.7722960151802656
429,1221,Washington,108,700,Detroit,107.0,105.0,230.0,227.0,-2.5,-209.0,0.20398009950248758,0.7960199004975125
430,1221,Chicago,119,-125,NewYork,102.0,750.0,227.0,227.0,213.0,1.5,0.8252427184466019,0.17475728155339804
431,1221,Milwaukee,123,-1200,Memphis,119.0,115.0,217.5,221.5,12.5,13.0,0.6649484536082475,0.33505154639175255
432,1221,Sacramento,115,-135,SanAntonio,109.0,250.0,223.0,225.5,1.5,2.0,0.667844522968198,0.3321554770318021
433,1221,LAClippers,134,-310,Phoenix,125.0,325.0,235.0,234.5,6.0,7.5,0.7626628075253256,0.23733719247467436
434,1221,Minnesota,106,230,Toronto,110.0,-125.0,231.5,227.5,-2.5,-1.5,0.35294117647058826,0.6470588235294118
435,1222,Dallas,107,105,Boston,119.0,-1000.0,217.0,218.0,-13.0,-12.0,0.3492063492063492,0.6507936507936507
436,1222,Charlotte,93,650,Milwaukee,117.0,-410.0,209.5,210.0,-7.0,-8.5,0.14225941422594143,0.8577405857740587
437,1222,Indiana,89,310,OklahomaCity,118.0,-120.0,222.0,220.5,219.5,-1.0,0.30898876404494385,0.6910112359550562
438,1222,Denver,128,120,Detroit,109.0,225.0,214.0,215.0,209.0,208.0,0.5963302752293578,0.40366972477064217
439,1223,Toronto,115,195,Orlando,103.0,-200.0,209.5,210.5,-3.0,-5.0,0.3370786516853933,0.6629213483146068
440,1223,Chicago,95,170,NewYork,115.0,-170.0,209.0,205.5,-0.0,-3.5,0.37037037037037035,0.6296296296296297
441,1223,Washington,121,145,Cleveland,121.0,110.0,234.5,229.5,-2.0,227.5,0.46153846153846156,0.5384615384615384
442,1223,Utah,104,160,Memphis,115.0,-105.0,226.5,228.5,212.0,213.5,0.4288702928870293,0.5711297071129707
443,1223,SanAntonio,145,-115,Phoenix,111.0,120.0,216.0,218.5,1.0,1.0,0.5405982905982906,0.45940170940170943
444,1223,Denver,113,-140,Sacramento,104.0,220.0,228.0,230.0,3.5,2.5,0.6511627906976745,0.3488372093023256
445,1223,NewOrleans,102,200,GoldenState,113.0,-115.0,228.5,229.5,-221.0,-1.0,0.3839285714285714,0.6160714285714285
446,1223,Minnesota,104,-105,Toronto,102.0,155.0,213.0,222.0,2.0,-213.5,0.5663670015864622,0.4336329984135378
447,1225,Boston,118,-185,Philadelphia,121.0,130.0,220.0,221.0,2.5,4.0,0.5988740323715693,0.40112596762843067
448,1225,Milwaukee,109,-150,GoldenState,116.0,550.0,226.5,230.0,2.0,3.0,0.7959183673469388,0.20408163265306123
449,1225,LAClippers,111,120,Denver,100.0,-500.0,224.5,223.0,-9.5,-9.0,0.35294117647058826,0.6470588235294118
450,1225,NewOrleans,112,375,Detroit,132.0,-280.0,218.5,216.0,-6.0,-6.5,0.2222222222222222,0.7777777777777778
451,1226,Washington,102,230,OklahomaCity,97.0,-265.0,231.0,228.0,-6.5,-6.0,0.29447357805566765,0.7055264219443325
452,1226,Memphis,110,215,Brooklyn,82.0,-340.0,224.0,224.0,-7.0,-7.0,0.29119788219722037,0.7088021178027796
453,1226,NewYork,94,270,Dallas,102.0,-360.0,221.0,226.0,-5.5,-8.0,0.25669642857142855,0.7433035714285714
454,1226,SanAntonio,98,280,Sacramento,104.0,-300.0,226.5,226.5,-4.0,-7.0,0.25974025974025977,0.7402597402597403
455,1226,Minnesota,105,240,Utah,121.0,-240.0,222.5,220.0,-6.0,-5.5,0.29411764705882354,0.7058823529411765
456,1226,Portland,115,190,Boston,129.0,-1400.0,220.0,222.0,-13.5,-14.0,0.2697841726618705,0.7302158273381295
457,1227,Cleveland,117,800,Orlando,98.0,155.0,216.0,215.5,-209.0,-210.0,0.22077922077922077,0.7792207792207793
458,1227,Philadelphia,97,-185,Charlotte,102.0,-105.0,210.0,208.0,4.0,4.0,0.5589535740604274,0.4410464259395726
459,1227,OklahomaCity,104,-115,Atlanta,86.0,275.0,238.0,235.5,3.0,1.0,0.667311411992263,0.33268858800773693
460,1227,Indiana,112,175,GoldenState,105.0,145.0,222.0,225.0,211.5,211.5,0.47115384615384615,0.5288461538461539
461,1228,Memphis,110,375,NewOrleans,120.0,-125.0,219.0,218.5,216.5,-1.5,0.27480916030534347,0.7251908396946565
462,1228,Toronto,113,260,Miami,117.0,-120.0,216.5,216.0,-1.0,-1.5,0.33742331288343563,0.6625766871165644
463,1228,Philadelphia,116,100,Washington,100.0,140.0,230.5,228.5,213.0,212.5,0.5454545454545454,0.45454545454545453
464,1228,Cleveland,94,230,Houston,108.0,-500.0,222.0,217.0,-10.0,-9.0,0.26666666666666666,0.7333333333333333
465,1228,Brooklyn,98,375,Chicago,116.0,-600.0,233.0,234.5,-10.5,-9.5,0.1971830985915493,0.8028169014084507
466,1228,Atlanta,81,425,Milwaukee,111.0,-270.0,219.0,217.0,-11.0,-6.0,0.206993006993007,0.7930069930069931
467,1228,Orlando,100,220,GoldenState,121.0,500.0,218.0,218.0,216.0,216.5,0.6521739130434783,0.34782608695652173
468,1228,Detroit,109,180,Sacramento,110.0,-140.0,222.5,222.5,-2.0,-2.5,0.379746835443038,0.6202531645569621
469,1228,Phoenix,112,120,Portland,120.0,190.0,223.5,223.0,222.5,217.0,0.5686274509803921,0.43137254901960786
470,1228,Utah,120,280,Toronto,97.0,-190.0,220.0,221.5,-2.5,-4.5,0.2865612648221344,0.7134387351778657
471,1229,OklahomaCity,98,160,NewOrleans,127.0,-220.0,231.5,209.5,212.5,-5.0,0.3587443946188341,0.641255605381166
472,1229,Charlotte,104,125,Denver,120.0,-350.0,217.5,219.5,-10.0,-7.5,0.3636363636363636,0.6363636363636364
473,1229,Sacramento,115,275,LALakers,108.0,-210.0,207.0,208.0,-4.5,-5.0,0.2824601366742597,0.7175398633257403
474,1229,Dallas,95,175,Orlando,93.0,-700.0,220.0,224.5,-11.5,-10.5,0.2935779816513761,0.7064220183486238
475,1230,Atlanta,101,500,Washington,123.0,525.0,227.0,224.5,214.0,209.5,0.5102040816326531,0.489795918367347
476,1230,Miami,105,-750,Minnesota,122.0,170.0,220.0,216.5,9.0,11.0,0.7043478260869566,0.2956521739130435
477,1230,Brooklyn,115,-200,Chicago,102.0,350.0,216.0,220.0,1.0,4.5,0.75,0.25
478,1230,Detroit,81,375,Portland,116.0,-170.0,218.0,217.5,-4.0,-4.0,0.2505800464037123,0.7494199535962878
479,1230,Phoenix,122,145,Charlotte,92.0,300.0,231.0,232.5,-208.5,-210.5,0.6201550387596899,0.3798449612403101
480,1231,Philadelphia,97,135,Sacramento,87.0,230.0,221.0,220.0,1.0,212.5,0.584070796460177,0.415929203539823
481,1231,GoldenState,113,525,Toronto,117.0,-450.0,220.0,217.0,-9.5,-8.0,0.16356877323420074,0.8364312267657993
482,1231,Cleveland,97,350,Houston,130.0,-280.0,217.0,217.5,-2.0,-6.5,0.23170731707317074,0.7682926829268293
483,1231,Denver,104,230,OklahomaCity,106.0,125.0,220.0,225.0,-218.0,-217.0,0.40540540540540543,0.5945945945945946
484,1231,Dallas,101,-145,Washington,101.0,145.0,215.5,222.5,1.5,2.5,0.5918367346938775,0.40816326530612246
485,101,Orlando,122,-170,NewYork,117.0,150.0,222.0,226.0,4.0,3.5,0.6115107913669064,0.38848920863309355
486,101,Minnesota,104,1500,LALakers,117.0,-750.0,224.0,221.0,-11.5,-11.0,0.06614785992217899,0.933852140077821
487,101,Phoenix,107,525,Cleveland,106.0,-130.0,226.5,225.5,-2.0,-2.0,0.22062350119904078,0.7793764988009592
488,102,Charlotte,109,110,Indiana,116.0,-105.0,210.0,212.0,-1.0,-208.0,0.481786133960047,0.518213866039953
489,102,Toronto,76,180,Minnesota,99.0,-150.0,215.0,214.0,-4.0,-3.0,0.373134328358209,0.6268656716417911
490,102,GoldenState,84,130,Chicago,98.0,145.0,219.0,211.5,-210.5,-208.0,0.5157894736842106,0.48421052631578954
491,102,OklahomaCity,109,115,Dallas,123.0,-360.0,219.0,216.5,-8.5,-8.0,0.37277147487844403,0.6272285251215559
492,102,Brooklyn,111,280,Sacramento,128.0,-200.0,220.5,223.0,-3.5,-4.5,0.2830188679245283,0.7169811320754716
493,102,Memphis,123,170,LAClippers,126.0,-1000.0,222.5,224.5,-13.5,-12.5,0.2894736842105263,0.7105263157894737
494,102,Detroit,112,650,Orlando,105.0,-120.0,223.0,223.0,-207.5,-1.0,0.19642857142857145,0.8035714285714286
495,103,Atlanta,106,450,Washington,103.0,270.0,236.0,232.5,223.5,224.5,0.40217391304347827,0.5978260869565217
496,103,Philadelphia,108,160,Phoenix,120.0,-300.0,224.0,227.5,-5.5,-7.0,0.33898305084745767,0.6610169491525424
497,103,NewYork,112,240,LALakers,123.0,-600.0,224.0,224.5,-11.0,-10.0,0.25547445255474455,0.7445255474452555
498,103,NewOrleans,113,425,LAClippers,114.0,-650.0,221.0,225.5,-11.0,-10.0,0.18018018018018017,0.8198198198198199
499,104,Memphis,140,450,Brooklyn,102.0,-130.0,230.5,231.0,-1.0,-2.0,0.24338624338624343,0.7566137566137566
500,104,Toronto,121,110,Orlando,96.0,145.0,216.0,216.5,-207.5,-206.5,0.5384615384615384,0.46153846153846156
501,104,Utah,109,-170,Cleveland,106.0,240.0,212.5,214.0,3.5,4.0,0.6816037735849056,0.31839622641509435
502,104,OklahomaCity,121,-300,Atlanta,116.0,255.0,222.0,220.5,6.0,6.5,0.7269624573378839,0.27303754266211605
503,104,Boston,111,-105,Washington,128.0,650.0,223.5,221.0,1.5,208.0,0.7934508816120908,0.20654911838790932
504,104,Charlotte,123,550,Milwaukee,127.0,-900.0,216.0,217.5,-12.0,-12.0,0.14598540145985403,0.8540145985401459
505,104,SanAntonio,118,600,GoldenState,104.0,130.0,228.5,228.0,-215.5,-213.5,0.24731182795698925,0.7526881720430108
506,104,NewOrleans,117,120,LAClippers,135.0,-550.0,223.5,225.5,-9.0,-9.5,0.34946236559139787,0.6505376344086022
507,105,NewYork,132,400,Miami,122.0,-230.0,222.5,221.0,-6.0,-5.0,0.22297297297297297,0.7770270270270271
508,105,Portland,111,185,Cleveland,103.0,210.0,221.0,217.5,-215.5,215.5,0.5210084033613446,0.4789915966386555
509,105,Memphis,121,240,LALakers,106.0,-2000.0,232.0,236.0,-15.0,-14.5,0.23595505617977527,0.7640449438202247
510,105,Detroit,99,1000,Orlando,101.0,-220.0,221.0,220.0,-4.5,-5.0,0.11678832116788321,0.8832116788321167
511,106,Brooklyn,89,180,Charlotte,104.0,215.0,211.0,212.5,-209.5,-209.0,0.5294117647058824,0.4705882352941176
512,106,Indiana,115,-265,Washington,99.0,340.0,226.5,225.0,5.0,6.5,0.7615937295885042,0.23840627041149573
513,106,OklahomaCity,113,270,Atlanta,115.0,260.0,220.0,224.0,213.0,210.5,0.4931506849315069,0.5068493150684932
514,106,Denver,123,-330,NewOrleans,126.0,150.0,223.0,221.0,8.5,7.5,0.6573705179282869,0.3426294820717132
515,106,Utah,128,-180,SanAntonio,126.0,300.0,229.5,228.5,2.0,4.0,0.72,0.27999999999999997
516,106,Chicago,110,300,Sacramento,111.0,-600.0,217.5,217.5,-9.0,-10.0,0.22580645161290322,0.7741935483870966
517,106,GoldenState,98,425,Cleveland,113.0,145.0,215.0,219.5,211.0,213.0,0.3181818181818182,0.6818181818181819
518,107,Portland,101,120,Brooklyn,103.0,-120.0,220.0,221.0,-217.0,-1.0,0.45454545454545453,0.5454545454545454
519,107,Minnesota,112,160,Phoenix,103.0,-280.0,228.0,228.5,-4.5,-6.5,0.34296028880866425,0.6570397111913356
520,107,Sacramento,114,230,LALakers,117.0,-1600.0,226.5,226.0,-14.0,-13.5,0.24355300859598855,0.7564469914040115
521,107,NewYork,87,900,Charlotte,110.0,120.0,220.5,222.5,-209.0,-207.0,0.18032786885245902,0.8196721311475409
522,108,Miami,122,105,Orlando,123.0,-500.0,211.0,210.0,-10.5,-9.5,0.3692307692307692,0.6307692307692307
523,108,Washington,89,375,Boston,114.0,-310.0,219.5,218.5,-5.5,-7.0,0.21779548472775564,0.7822045152722443
524,108,SanAntonio,129,250,Dallas,106.0,-185.0,219.5,220.5,-1.5,-4.0,0.30563002680965146,0.6943699731903485
525,108,Denver,107,155,Atlanta,115.0,280.0,235.0,237.0,218.0,221.5,0.5984251968503937,0.4015748031496063
526,108,Chicago,108,140,Utah,128.0,-1500.0,222.0,225.0,-12.5,-14.0,0.3076923076923077,0.6923076923076923
527,108,NewYork,104,850,GoldenState,98.0,850.0,219.0,217.5,218.0,213.5,0.5,0.5
528,109,Cleveland,115,235,Philadelphia,109.0,-110.0,221.0,221.0,-2.5,-0.0,0.3630077787381158,0.6369922212618843
529,109,Boston,98,-110,Minnesota,116.0,-110.0,214.0,218.0,-2.5,-0.0,0.5,0.5
530,109,Portland,102,-110,OklahomaCity,113.0,145.0,227.0,227.5,224.0,224.0,0.5620437956204379,0.43795620437956206
531,110,Atlanta,101,-115,Brooklyn,117.0,155.0,237.5,217.5,-217.0,1.0,0.5769798327594687,0.4230201672405312
532,110,SanAntonio,121,-110,NewYork,111.0,150.0,225.5,231.0,1.0,-226.0,0.5670103092783505,0.4329896907216495
533,110,LALakers,129,115,Utah,109.0,-900.0,222.0,223.0,-13.0,-12.0,0.34071550255536626,0.6592844974446337
534,110,Charlotte,92,600,Phoenix,98.0,-170.0,217.0,210.5,212.5,-4.0,0.18493150684931503,0.8150684931506849
535,110,Orlando,94,145,Sacramento,106.0,375.0,223.0,224.0,1.0,217.5,0.6597222222222222,0.34027777777777773
536,110,GoldenState,100,850,Houston,139.0,-550.0,221.5,218.0,-11.0,-10.0,0.11063829787234042,0.8893617021276595
537,111,Minnesota,109,400,Boston,140.0,-800.0,230.0,232.0,-9.0,-11.5,0.18367346938775514,0.8163265306122449
538,111,NewOrleans,105,550,Detroit,99.0,-170.0,225.0,223.5,-3.5,-4.0,0.19636363636363638,0.8036363636363636
539,111,Chicago,108,145,OklahomaCity,110.0,-400.0,217.0,215.5,-215.0,-8.5,0.33783783783783783,0.6621621621621622
540,111,Philadelphia,91,130,Denver,103.0,-1000.0,223.5,222.0,-13.0,-12.5,0.32352941176470584,0.676470588235294
541,111,Cleveland,111,650,Portland,101.0,275.0,227.5,232.0,215.0,216.5,0.3333333333333333,0.6666666666666666
542,111,Milwaukee,122,-350,NewYork,124.0,274.0,218.0,217.0,5.5,7.5,0.7441728254690164,0.2558271745309835
543,112,Miami,121,-340,Washington,116.0,303.0,223.0,224.0,8.0,7.5,0.756932935587228,0.24306706441277212
544,112,Atlanta,86,192,Memphis,122.0,-260.0,231.0,225.5,-6.5,-6.5,0.32165832737669764,0.6783416726233024
545,112,GoldenState,102,215,Toronto,104.0,-160.0,224.0,225.0,-4.0,-5.0,0.3403141361256544,0.6596858638743456
546,112,SanAntonio,105,140,Denver,114.0,-115.0,221.0,220.0,-1.0,-0.0,0.43788187372708764,0.5621181262729125
547,112,LAClippers,104,-105,Phoenix,100.0,-350.0,221.0,221.5,-8.0,-8.5,0.3970588235294118,0.6029411764705883
548,112,Charlotte,92,281,Indiana,101.0,-130.0,219.5,217.0,-2.0,-3.5,0.31711016131256037,0.6828898386874397
549,113,Philadelphia,95,110,Detroit,110.0,-108.0,213.0,214.5,-1.0,-5.0,0.47838086476540936,0.5216191352345907
550,113,NewOrleans,117,-112,Boston,113.0,-500.0,227.5,221.5,-9.5,-9.5,0.3879907621247113,0.6120092378752887
551,113,Chicago,101,384,Minnesota,104.0,120.0,219.0,218.0,215.5,216.5,0.3125,0.6875
552,113,Charlotte,112,400,Sacramento,112.0,-137.0,218.0,215.5,-209.0,-212.0,0.2570498915401302,0.7429501084598699
553,113,Cleveland,99,876,Atlanta,123.0,170.0,225.0,230.5,219.5,222.0,0.21669341894060998,0.78330658105939
554,114,Phoenix,110,-200,Brooklyn,107.0,115.0,218.0,222.5,5.0,1.5,0.5890410958904109,0.410958904109589
555,114,Utah,118,-135,Memphis,121.0,155.0,238.0,240.5,3.0,3.0,0.5943029779887786,0.40569702201122143
556,114,NewYork,102,1150,LAClippers,128.0,-1600.0,227.0,229.0,-15.0,-16.0,0.07834101382488479,0.9216589861751151
557,114,Cleveland,103,912,GoldenState,97.0,274.0,223.0,224.0,223.0,-223.5,0.2698412698412698,0.7301587301587302
558,115,Brooklyn,106,263,Boston,103.0,-500.0,218.0,221.5,-10.0,-9.0,0.2484472049689441,0.7515527950310559
559,115,Detroit,116,384,Miami,106.0,-230.0,218.0,218.0,-5.5,-5.0,0.22865853658536586,0.7713414634146342
560,115,SanAntonio,100,192,Minnesota,99.0,112.0,222.0,219.5,-218.5,-218.0,0.42063492063492064,0.5793650793650794
561,115,Toronto,130,110,Chicago,115.0,-175.0,213.5,212.5,-4.0,-4.0,0.4280155642023346,0.5719844357976653
562,115,Washington,106,151,Denver,100.0,-1100.0,227.0,228.5,-13.0,-11.5,0.3029537995455693,0.6970462004544307
563,115,Charlotte,86,711,Houston,107.0,-380.0,210.5,209.5,-9.5,-8.5,0.13476332191588522,0.8652366780841148
564,115,Portland,117,303,Sacramento,123.0,144.0,236.0,236.5,-224.0,-225.5,0.37712519319938176,0.6228748068006182
565,115,Orlando,119,459,NewYork,98.0,115.0,225.0,226.5,211.5,209.5,0.2777777777777778,0.7222222222222222
566,116,Boston,123,500,NewOrleans,138.0,185.0,225.5,227.5,223.0,-225.0,0.3220338983050848,0.6779661016949153
567,116,Orlando,95,425,GoldenState,131.0,145.0,217.5,217.0,-211.5,-213.0,0.3181818181818182,0.6818181818181819
568,117,Chicago,89,285,Toronto,140.0,-600.0,216.5,213.5,-9.5,-10.5,0.23255813953488372,0.7674418604651163
569,117,Washington,111,425,Indiana,116.0,-280.0,229.0,231.0,-8.5,-6.5,0.20540540540540542,0.7945945945945946
570,117,Minnesota,114,230,OklahomaCity,108.0,-105.0,216.5,218.0,-1.0,-216.5,0.371713508612874,0.6282864913871261
571,117,Cleveland,109,340,SanAntonio,120.0,-450.0,229.0,229.5,-8.5,-9.0,0.21739130434782608,0.782608695652174
572,117,Atlanta,121,350,Dallas,120.0,-360.0,229.5,231.0,-7.0,-7.5,0.22115384615384615,0.7788461538461539
573,117,Portland,112,280,NewOrleans,130.0,190.0,233.0,235.5,228.5,228.5,0.4328358208955224,0.5671641791044777
574,118,LAClippers,133,-240,Brooklyn,97.0,450.0,231.5,235.5,5.5,5.5,0.7951807228915663,0.20481927710843373
575,118,Phoenix,123,170,Atlanta,103.0,100.0,227.0,227.5,226.0,220.5,0.425531914893617,0.574468085106383
576,118,Detroit,136,-120,NewYork,87.0,150.0,221.0,218.5,2.0,1.0,0.5769230769230769,0.42307692307692313
577,118,Philadelphia,90,-180,Minnesota,112.0,155.0,221.0,224.5,4.5,4.0,0.6211096075778079,0.37889039242219213
578,118,Cleveland,116,275,Houston,115.0,-160.0,215.0,215.0,-2.5,-3.5,0.3023255813953488,0.6976744186046512
579,118,LALakers,124,140,GoldenState,109.0,200.0,232.0,235.0,-211.0,-214.0,0.5555555555555556,0.4444444444444444
580,118,Portland,106,220,Utah,123.0,-450.0,221.0,216.0,-9.5,-9.0,0.27638190954773867,0.7236180904522612
581,118,Sacramento,101,350,SanAntonio,107.0,100.0,221.0,223.0,221.0,-222.5,0.30769230769230765,0.6923076923076923
582,120,Detroit,100,-110,Atlanta,117.0,350.0,233.0,232.0,-231.0,-231.0,0.7021276595744681,0.2978723404255319
583,120,Toronto,122,-450,Brooklyn,111.0,120.0,217.5,218.5,8.0,9.0,0.6428571428571429,0.35714285714285715
584,120,Sacramento,113,135,Milwaukee,111.0,-2500.0,224.0,221.0,-14.5,-15.5,0.30678466076696165,0.6932153392330384
585,120,Chicago,98,1100,Cleveland,86.0,100.0,225.5,225.5,-0.0,-222.0,0.14285714285714285,0.8571428571428571
586,120,NewYork,106,-120,Charlotte,83.0,140.0,222.0,206.5,-207.0,1.5,0.5669291338582677,0.4330708661417323
587,120,NewOrleans,126,140,Houston,107.0,-310.0,238.5,242.0,-7.5,-7.5,0.35528596187175043,0.6447140381282496
588,120,OklahomaCity,112,250,Boston,139.0,140.0,229.0,230.5,-223.5,-226.5,0.4067796610169492,0.5932203389830509
589,120,Denver,107,140,Utah,118.0,-400.0,218.0,221.0,-7.0,-8.0,0.3424657534246575,0.6575342465753424
590,120,Indiana,88,300,Phoenix,118.0,-190.0,217.0,215.5,-3.5,-4.5,0.2761904761904762,0.7238095238095238
591,120,SanAntonio,120,160,Portland,129.0,-330.0,228.0,230.0,-6.5,-7.5,0.3338509316770186,0.6661490683229814
592,120,GoldenState,124,260,Dallas,107.0,-140.0,218.0,222.0,-1.5,-2.5,0.3225806451612903,0.6774193548387096
593,121,LAClippers,110,120,Detroit,127.0,105.0,230.5,231.5,-1.0,-222.0,0.48235294117647054,0.5176470588235293
594,122,OklahomaCity,120,120,Miami,134.0,-600.0,209.0,210.0,-10.0,-10.0,0.34653465346534656,0.6534653465346535
595,122,Washington,129,425,NewYork,92.0,525.0,227.5,229.0,-225.0,-224.0,0.5434782608695652,0.45652173913043476
596,122,Philadelphia,95,200,Atlanta,102.0,170.0,231.5,228.0,217.0,216.0,0.47368421052631576,0.5263157894736842
597,122,Memphis,95,230,NewOrleans,117.0,-160.0,233.0,232.5,-4.0,-3.5,0.3299492385786802,0.6700507614213198
598,122,SanAntonio,121,140,Houston,121.0,-550.0,236.0,236.5,-8.5,-10.0,0.32994923857868025,0.6700507614213198
599,122,Denver,105,400,Chicago,117.0,-110.0,228.5,227.0,-219.0,-0.0,0.2763157894736842,0.7236842105263157
600,122,Minnesota,110,-110,Phoenix,87.0,-105.0,222.5,221.5,1.0,219.5,0.5056053811659194,0.49439461883408076
601,122,Indiana,112,-115,GoldenState,96.0,350.0,216.0,220.5,1.0,1.0,0.7064846416382252,0.2935153583617747
602,123,Washington,124,120,Brooklyn,113.0,200.0,232.5,232.5,-229.0,231.0,0.576923076923077,0.4230769230769231
603,123,LALakers,128,-250,Portland,125.0,185.0,229.0,227.0,6.0,5.5,0.6705882352941177,0.32941176470588235
604,123,Dallas,133,-230,Charlotte,103.0,800.0,219.0,219.5,4.5,5.5,0.8624999999999999,0.13749999999999998
605,124,Boston,109,130,Detroit,112.0,105.0,212.0,231.5,-1.5,213.0,0.471264367816092,0.5287356321839081
606,124,Memphis,125,-125,NewYork,112.0,325.0,229.0,217.5,-215.5,1.5,0.7024793388429752,0.29752066115702475
607,124,Sacramento,98,110,Miami,117.0,115.0,221.5,218.5,221.0,217.5,0.5058823529411764,0.4941176470588235
608,124,LAClippers,122,-135,Minnesota,124.0,200.0,234.5,235.0,4.0,2.0,0.6328125000000001,0.3671875
609,124,Denver,113,150,OklahomaCity,140.0,-400.0,231.0,229.5,-11.5,-8.0,0.3333333333333333,0.6666666666666666
610,124,Atlanta,111,300,SanAntonio,99.0,-200.0,224.5,231.0,-4.0,-4.5,0.27272727272727276,0.7272727272727273
611,124,Phoenix,103,170,GoldenState,118.0,220.0,229.0,225.5,-216.0,-216.0,0.5423728813559322,0.4576271186440678
612,125,Dallas,107,175,Detroit,111.0,120.0,226.0,229.0,226.0,226.5,0.4444444444444445,0.5555555555555556
613,125,Chicago,118,-105,Minnesota,104.0,-125.0,226.5,210.5,1.0,-1.5,0.4796954314720812,0.5203045685279188
614,125,OklahomaCity,113,105,Philadelphia,108.0,185.0,217.0,226.0,2.0,-217.5,0.5816326530612245,0.4183673469387755
615,126,Houston,110,120,SanAntonio,106.0,145.0,226.5,225.5,-223.0,-220.0,0.5268817204301075,0.47311827956989244
616,126,Boston,108,105,Memphis,114.0,-135.0,230.5,233.0,-2.0,-2.0,0.4592085979482169,0.5407914020517831
617,126,Phoenix,109,115,Orlando,97.0,135.0,236.0,229.5,-217.5,-217.5,0.5222222222222223,0.4777777777777778
618,126,Washington,133,-105,Portland,139.0,-150.0,240.0,241.5,-1.0,-3.0,0.4605263157894737,0.5394736842105262
619,126,Indiana,129,130,Detroit,100.0,-300.0,220.5,221.0,-6.5,-7.0,0.3669724770642202,0.6330275229357799
620,127,Cleveland,115,240,Miami,113.0,-300.0,221.0,214.0,-4.0,-6.5,0.28169014084507044,0.7183098591549295
621,127,Orlando,92,240,OklahomaCity,97.0,185.0,225.0,223.0,211.5,207.5,0.45599999999999996,0.5439999999999999
622,127,Sacramento,133,135,Chicago,110.0,-120.0,225.5,224.0,-218.0,-1.5,0.4382470119521913,0.5617529880478088
623,127,Houston,126,900,Charlotte,97.0,-120.0,224.5,221.0,-1.0,-1.5,0.15492957746478875,0.8450704225352113
624,128,NewYork,92,100,Philadelphia,115.0,-1200.0,210.0,209.0,-12.5,-13.0,0.3513513513513513,0.6486486486486487
625,128,GoldenState,104,750,Miami,101.0,-135.0,212.5,216.0,-2.0,-2.0,0.16998191681735983,0.8300180831826401
626,128,Boston,109,115,Cleveland,111.0,290.0,233.0,232.0,216.5,218.5,0.6446280991735538,0.3553719008264463
627,128,Atlanta,114,750,Memphis,104.0,-125.0,233.0,234.5,-0.0,-1.5,0.17475728155339804,0.8252427184466019
628,128,Denver,96,105,Milwaukee,151.0,-800.0,226.0,224.0,-16.0,-11.5,0.3543307086614173,0.6456692913385826
629,128,Washington,131,550,Dallas,104.0,-310.0,240.0,241.5,-6.5,-7.0,0.16907216494845362,0.8309278350515464
630,128,Phoenix,133,250,Indiana,115.0,-425.0,229.0,228.5,-9.0,-8.5,0.26086956521739124,0.7391304347826086
631,129,Chicago,106,325,Brooklyn,125.0,-250.0,214.0,215.0,-5.0,-5.5,0.24778761061946902,0.752212389380531
632,129,Detroit,115,200,NewYork,106.0,120.0,224.0,226.0,224.0,-222.0,0.4230769230769231,0.576923076923077
633,129,Memphis,127,-140,SanAntonio,127.0,190.0,221.0,221.5,2.0,2.5,0.628482972136223,0.3715170278637771
634,129,Utah,120,-240,Sacramento,100.0,120.0,220.5,219.0,5.0,5.0,0.6082949308755761,0.39170506912442393
635,129,OklahomaCity,120,-140,Portland,125.0,180.0,235.5,242.0,2.5,2.5,0.6202531645569621,0.379746835443038
636,129,Houston,112,-220,Cleveland,109.0,400.0,220.5,223.5,1.5,5.0,0.7746478873239437,0.22535211267605637
637,130,Charlotte,107,150,Atlanta,127.0,210.0,228.0,228.5,227.5,227.0,0.5535714285714286,0.4464285714285714
638,130,GoldenState,104,750,LAClippers,103.0,-1500.0,222.0,224.5,-13.5,-14.0,0.11149825783972125,0.8885017421602788
639,130,Sacramento,124,850,Denver,106.0,130.0,228.0,224.0,-1.5,-215.5,0.19491525423728812,0.8050847457627118
640,130,Utah,100,-150,Detroit,92.0,150.0,223.0,222.0,215.5,3.0,0.6,0.4
641,131,Chicago,118,190,Houston,128.0,-380.0,220.5,219.0,-8.5,-8.0,0.3034134007585335,0.6965865992414664
642,131,Dallas,121,290,NewOrleans,139.0,-330.0,236.5,238.0,-4.5,-7.5,0.250436808386721,0.749563191613279
643,131,Memphis,111,260,Phoenix,107.0,-110.0,242.5,242.0,-222.5,-0.0,0.3465346534653465,0.6534653465346535
644,131,Denver,127,700,LALakers,119.0,-1200.0,224.0,226.0,-12.5,-13.0,0.11926605504587155,0.8807339449541285
645,131,Portland,127,750,LAClippers,118.0,-650.0,230.5,232.5,-10.0,-10.5,0.1195219123505976,0.8804780876494024
646,201,Minnesota,106,450,Orlando,89.0,120.0,229.0,230.5,-206.5,-209.5,0.28571428571428575,0.7142857142857143
647,201,NewYork,92,500,Washington,113.0,110.0,239.0,242.0,213.5,213.0,0.25925925925925924,0.7407407407407408
648,201,GoldenState,131,115,Boston,116.0,100.0,223.5,224.5,-2.0,-213.0,0.4819277108433735,0.5180722891566265
649,201,Atlanta,100,170,SanAntonio,114.0,-425.0,237.0,236.5,-8.0,-8.0,0.3139013452914798,0.6860986547085202
650,201,Charlotte,90,325,Portland,124.0,220.0,228.0,228.5,214.5,214.5,0.4295302013422818,0.5704697986577181
651,201,Utah,107,-270,Sacramento,113.0,240.0,227.0,226.5,5.0,6.5,0.7127329192546584,0.28726708074534163
652,201,LALakers,129,-300,Detroit,128.0,125.0,218.5,211.5,6.5,7.0,0.627906976744186,0.37209302325581395
653,202,NewOrleans,109,180,Milwaukee,129.0,-1000.0,245.0,251.0,-12.5,-12.5,0.28205128205128205,0.717948717948718
654,202,Phoenix,108,650,Toronto,129.0,-600.0,232.5,233.5,-10.5,-10.0,0.13461538461538464,0.8653846153846154
655,202,Chicago,102,425,Cleveland,134.0,115.0,217.0,216.5,217.0,215.5,0.29054054054054057,0.7094594594594595
656,203,GoldenState,125,220,Indiana,103.0,-220.0,236.0,234.0,-4.0,-5.5,0.3125,0.6875
657,203,Dallas,112,180,Charlotte,100.0,175.0,216.5,212.5,-202.0,-203.5,0.49549549549549554,0.5045045045045046
658,203,Phoenix,97,115,Miami,137.0,-140.0,227.5,224.5,-3.5,-2.5,0.44362292051756,0.5563770794824399
659,203,Philadelphia,106,120,Atlanta,115.0,210.0,227.0,232.0,213.0,211.0,0.5849056603773585,0.41509433962264153
660,203,Detroit,82,375,Sacramento,113.0,-115.0,227.5,224.0,-1.5,-1.0,0.2824302134646962,0.7175697865353038
661,203,Minnesota,109,-105,LAClippers,108.0,-500.0,228.0,225.5,-10.0,-9.0,0.38066465256797577,0.6193353474320241
662,203,SanAntonio,105,375,NewOrleans,108.0,225.0,245.0,245.0,227.5,229.0,0.40625,0.59375
663,204,Charlotte,110,750,Denver,127.0,-185.0,224.5,223.0,-4.5,-4.5,0.15343203230148048,0.8465679676985195
664,204,Portland,99,155,LALakers,129.0,-700.0,220.5,226.0,-12.0,-10.5,0.30947775628626695,0.6905222437137332
665,204,SanAntonio,102,500,Detroit,116.0,130.0,229.0,226.5,-219.0,-217.5,0.27710843373493976,0.7228915662650602
666,205,GoldenState,88,225,Toronto,119.0,-240.0,225.5,222.5,-6.5,-5.5,0.3035714285714286,0.6964285714285715
667,205,Indiana,118,190,Boston,116.0,-240.0,216.0,216.0,-7.5,-5.5,0.3281853281853282,0.6718146718146719
668,205,Orlando,100,190,Minnesota,120.0,-190.0,210.5,209.5,-5.5,-4.5,0.3448275862068966,0.6551724137931034
669,205,Atlanta,127,160,OklahomaCity,109.0,-1200.0,235.5,239.5,-12.5,-13.5,0.29411764705882354,0.7058823529411765
670,205,Cleveland,103,750,Dallas,107.0,-200.0,221.5,222.0,-3.5,-4.5,0.15,0.85
671,205,Memphis,121,170,Utah,95.0,-480.0,229.5,225.5,-7.5,-10.0,0.30916844349680167,0.6908315565031983
672,205,Denver,98,365,LAClippers,128.0,-275.0,218.0,215.0,-6.5,-6.5,0.22675736961451248,0.7732426303854875
673,205,Miami,111,225,NewYork,105.0,145.0,223.0,224.5,-206.5,-208.0,0.4298245614035088,0.5701754385964912
674,206,Orlando,103,-170,Chicago,119.0,190.0,231.5,230.5,3.0,3.5,0.6461336828309305,0.35386631716906947
675,206,Philadelphia,101,375,Portland,125.0,-160.0,227.0,228.0,-3.0,-3.5,0.2549019607843137,0.7450980392156863
676,206,SanAntonio,117,140,LALakers,111.0,-275.0,231.0,228.0,-6.5,-6.5,0.3623188405797102,0.6376811594202899
677,206,Houston,121,225,Washington,119.0,140.0,234.0,240.0,234.0,-234.0,0.4247787610619469,0.5752212389380531
678,207,Memphis,107,190,Boston,112.0,-750.0,221.0,222.5,-9.0,-12.5,0.2809917355371901,0.7190082644628099
679,207,Atlanta,107,525,OklahomaCity,108.0,-1000.0,232.0,225.0,-13.0,-13.0,0.14965986394557823,0.8503401360544217
680,207,Detroit,101,650,Indiana,106.0,-120.0,219.0,214.5,-0.0,-1.0,0.19642857142857145,0.8035714285714286
681,207,Toronto,115,100,Phoenix,127.0,120.0,234.5,234.5,219.0,217.5,0.5238095238095238,0.47619047619047616
682,207,Houston,91,-140,Sacramento,105.0,-105.0,221.0,219.5,2.5,2.5,0.5324675324675324,0.46753246753246747
683,207,Portland,114,375,Orlando,95.0,300.0,226.5,230.5,-218.0,-221.0,0.45714285714285713,0.5428571428571428
684,208,NewYork,95,-125,Charlotte,100.0,140.0,216.5,212.0,216.0,1.5,0.5714285714285714,0.42857142857142855
685,208,NewOrleans,124,175,Toronto,119.0,-265.0,227.5,224.0,-8.5,-6.0,0.33371428571428574,0.6662857142857144
686,208,Brooklyn,118,215,Minnesota,142.0,375.0,230.0,233.0,224.0,218.0,0.6012658227848101,0.3987341772151899
687,208,LAClippers,115,-500,GoldenState,120.0,900.0,225.0,224.5,7.0,9.5,0.8928571428571429,0.10714285714285715
688,208,LALakers,125,-1600,Phoenix,108.0,150.0,218.0,218.0,13.5,14.0,0.7017543859649122,0.2982456140350877
689,208,Denver,117,-180,Sacramento,122.0,120.0,224.5,222.5,2.5,3.5,0.5857988165680474,0.41420118343195267
690,209,NewYork,135,170,Philadelphia,118.0,-675.0,226.0,226.5,-10.5,-11.0,0.29836381135707407,0.7016361886429259
691,209,Chicago,111,475,Washington,99.0,125.0,240.0,240.5,211.5,213.5,0.28125,0.71875
692,209,Utah,114,125,Cleveland,92.0,200.0,233.0,233.5,-228.5,-231.5,0.5714285714285715,0.4285714285714286
693,209,Miami,109,180,Indiana,105.0,-275.0,231.0,226.5,-7.0,-6.5,0.3275109170305677,0.6724890829694323
694,210,Brooklyn,106,225,Orlando,135.0,-400.0,220.0,217.0,-6.0,-8.5,0.2777777777777778,0.7222222222222222
695,210,Atlanta,126,300,Detroit,76.0,-170.0,222.0,222.5,-1.5,-3.5,0.28421052631578947,0.7157894736842105
696,210,Charlotte,87,145,Toronto,137.0,-360.0,209.5,206.5,-9.0,-8.5,0.34277198211624443,0.6572280178837556
697,210,Minnesota,126,280,Milwaukee,123.0,-600.0,227.0,235.0,-14.5,-10.0,0.2348993288590604,0.7651006711409396
698,210,Sacramento,111,425,Dallas,119.0,-110.0,227.0,229.5,-1.0,-0.0,0.26666666666666666,0.7333333333333334
699,210,Utah,123,-110,Denver,127.0,-300.0,222.0,216.5,-8.0,-6.5,0.4112149532710281,0.588785046728972
700,210,SanAntonio,120,240,GoldenState,101.0,240.0,221.5,219.5,-220.5,216.0,0.5,0.5
701,210,Phoenix,100,700,Washington,126.0,-170.0,228.0,230.5,-2.0,-3.5,0.1656441717791411,0.8343558282208589
702,211,Chicago,114,145,Philadelphia,110.0,100.0,230.0,230.0,-225.0,-228.0,0.449438202247191,0.550561797752809
703,211,Portland,117,130,OklahomaCity,106.0,-360.0,240.0,243.0,-6.5,-8.0,0.3571428571428571,0.6428571428571428
704,211,SanAntonio,114,280,Houston,116.0,-135.0,221.5,219.5,-3.0,-2.5,0.3141711229946524,0.6858288770053477
705,211,Boston,105,115,Orlando,116.0,-280.0,231.5,232.5,-7.5,-6.5,0.3869653767820774,0.6130346232179226
706,212,Detroit,112,230,Cleveland,127.0,130.0,233.0,234.5,204.0,208.5,0.41071428571428575,0.5892857142857143
707,212,Washington,114,130,Brooklyn,101.0,150.0,228.5,227.5,-224.0,-224.0,0.5208333333333333,0.47916666666666663
708,212,Milwaukee,111,110,Minnesota,108.0,-270.0,220.5,224.0,-6.5,-6.0,0.39487726787620064,0.6051227321237994
709,212,Charlotte,115,220,Memphis,111.0,-160.0,225.0,224.5,-4.0,-3.5,0.33678756476683935,0.6632124352331606
710,212,Portland,104,140,Dallas,130.0,-400.0,237.0,235.0,-8.5,-8.5,0.3424657534246575,0.6575342465753424
711,212,Sacramento,111,300,Phoenix,112.0,-300.0,227.0,226.0,-7.0,-7.0,0.25,0.75
712,212,GoldenState,106,240,Utah,116.0,-190.0,225.0,227.0,-4.5,-4.5,0.30982905982905984,0.6901709401709402
713,212,Miami,101,160,Denver,116.0,125.0,220.0,220.5,219.5,216.5,0.46391752577319595,0.5360824742268041
714,213,LAClippers,133,-105,NewOrleans,118.0,-180.0,227.0,228.5,-1.5,-3.5,0.44343891402714936,0.5565610859728507
715,213,OklahomaCity,123,150,Detroit,106.0,700.0,231.5,234.0,-224.5,-227.0,0.7619047619047619,0.23809523809523808
716,220,Milwaukee,126,-1100,Atlanta,129.0,200.0,231.5,230.0,11.5,13.0,0.7333333333333333,0.26666666666666666
717,220,Charlotte,103,160,Philadelphia,112.0,-275.0,209.0,211.5,-7.5,-6.5,0.3440366972477064,0.6559633027522935
718,220,Brooklyn,104,225,Sacramento,129.0,105.0,217.0,229.5,-1.5,213.5,0.3867924528301887,0.6132075471698113
719,220,Memphis,125,-125,GoldenState,105.0,375.0,232.5,233.0,229.0,1.5,0.7251908396946565,0.27480916030534347
720,221,Cleveland,113,205,Orlando,106.0,160.0,238.0,237.0,-219.0,-221.5,0.46017699115044247,0.5398230088495576
721,221,Phoenix,101,290,NewYork,98.0,235.0,228.5,229.0,-212.0,-212.5,0.46206896551724136,0.5379310344827586
722,221,Indiana,106,-290,Minnesota,117.0,280.0,230.0,226.5,5.5,6.5,0.7386058981233244,0.2613941018766756
723,221,Denver,101,110,Utah,104.0,-300.0,215.0,216.0,-7.0,-7.0,0.38834951456310673,0.6116504854368932
724,221,SanAntonio,113,240,Portland,115.0,205.0,235.0,238.5,221.0,223.5,0.4728682170542636,0.5271317829457364
725,221,Memphis,105,450,LAClippers,103.0,-450.0,233.5,234.0,-10.0,-9.0,0.18181818181818182,0.8181818181818182
726,222,Sacramento,112,350,Charlotte,86.0,160.0,229.0,232.5,-212.0,-210.0,0.3661971830985915,0.6338028169014084
727,222,Dallas,107,115,Miami,124.0,-1100.0,239.0,236.0,-13.5,-12.5,0.33660589060308554,0.6633941093969145
728,222,Cleveland,105,700,Chicago,104.0,130.0,221.5,222.0,-219.5,222.0,0.22330097087378645,0.7766990291262137
729,222,Philadelphia,98,360,Utah,110.0,-130.0,226.5,227.0,-1.0,-2.0,0.2777777777777778,0.7222222222222222
730,222,Houston,120,110,LALakers,114.0,-330.0,235.0,233.0,-6.5,-7.5,0.3829029385574354,0.6170970614425645
731,223,Boston,112,260,Toronto,127.0,-210.0,225.5,222.5,-4.5,-5.0,0.2908067542213884,0.7091932457786116
732,223,Indiana,81,175,Denver,128.0,-1500.0,219.5,219.5,-12.0,-14.5,0.2794759825327511,0.7205240174672488
733,223,Minnesota,116,850,OklahomaCity,131.0,-220.0,227.0,221.0,-5.0,-5.0,0.13278008298755187,0.8672199170124482
734,223,SanAntonio,103,180,Chicago,126.0,140.0,222.5,229.5,-0.0,222.5,0.4615384615384615,0.5384615384615384
735,223,Washington,117,-160,GoldenState,101.0,425.0,238.0,238.0,231.5,3.5,0.7636363636363637,0.23636363636363633
736,223,Detroit,104,185,Washington,134.0,775.0,240.5,243.0,225.0,220.0,0.7543103448275862,0.2456896551724138
737,224,Milwaukee,137,-1300,Cleveland,125.0,215.0,223.0,221.5,12.5,13.0,0.7452229299363058,0.25477707006369427
738,224,Atlanta,112,300,Brooklyn,113.0,-170.0,228.5,227.0,-2.5,-3.5,0.28421052631578947,0.7157894736842105
739,224,Orlando,115,145,Houston,123.0,-1000.0,211.0,213.0,-14.0,-12.0,0.30985915492957744,0.6901408450704225
740,224,NewYork,112,650,Dallas,139.0,-1200.0,230.0,225.0,-14.0,-13.5,0.1262135922330097,0.8737864077669903
741,224,Minnesota,123,750,Utah,111.0,-400.0,236.5,239.0,-7.5,-8.5,0.1282051282051282,0.8717948717948718
742,224,Phoenix,131,300,LAClippers,124.0,-675.0,223.5,224.0,-9.5,-11.0,0.22302158273381292,0.776978417266187
743,224,Memphis,97,475,Indiana,119.0,-800.0,234.5,235.5,-11.0,-11.5,0.16363636363636366,0.8363636363636364
744,225,Charlotte,80,550,Toronto,97.0,-110.0,231.0,208.5,208.5,-0.0,0.22702702702702704,0.772972972972973
745,225,Milwaukee,108,-110,Chicago,122.0,280.0,217.5,232.5,1.5,-219.5,0.6656050955414012,0.33439490445859865
746,225,Detroit,98,750,Portland,106.0,240.0,232.0,223.0,216.0,213.5,0.2857142857142857,0.7142857142857143
747,225,NewOrleans,109,270,GoldenState,94.0,255.0,238.5,239.5,-226.5,-223.5,0.48965517241379314,0.5103448275862069
748,225,Sacramento,112,-320,Cleveland,108.0,275.0,220.0,216.5,6.0,7.5,0.7407407407407408,0.2592592592592593
749,226,Philadelphia,94,-350,Charlotte,107.0,115.0,206.0,207.5,7.5,7.5,0.6257796257796258,0.3742203742203742
750,226,NewYork,101,-135,Washington,110.0,105.0,236.0,233.5,1.0,2.0,0.5407914020517831,0.4592085979482169
751,226,Brooklyn,106,-125,Atlanta,120.0,120.0,227.0,230.0,1.5,1.5,0.55,0.44999999999999996
752,226,Orlando,130,-140,SanAntonio,103.0,150.0,227.5,232.5,3.0,2.5,0.5932203389830508,0.4067796610169491
753,226,Minnesota,129,550,Houston,140.0,-800.0,230.0,234.0,-10.0,-12.0,0.1475409836065574,0.8524590163934427
754,226,Memphis,112,550,Phoenix,92.0,260.0,234.5,237.5,-233.0,-232.5,0.3564356435643564,0.6435643564356436
755,226,Boston,114,180,Philadelphia,115.0,-330.0,220.5,218.0,-7.5,-7.5,0.31757754800590837,0.6824224519940916
756,227,NewYork,106,260,OklahomaCity,112.0,-360.0,212.5,209.5,-6.0,-8.0,0.2619589977220957,0.7380410022779044
757,227,Sacramento,108,280,Indiana,106.0,-550.0,223.0,220.0,-10.0,-10.0,0.23722627737226276,0.7627737226277372
758,227,Portland,100,400,GoldenState,86.0,425.0,225.5,220.5,219.0,218.0,0.5121951219512195,0.4878048780487805
759,228,Minnesota,125,280,Toronto,96.0,-1400.0,235.0,234.0,-13.5,-13.5,0.21994134897360704,0.780058651026393
760,228,Charlotte,99,800,Atlanta,141.0,120.0,232.0,236.5,214.5,214.0,0.19642857142857142,0.8035714285714286
761,228,Cleveland,104,650,Memphis,101.0,-135.0,237.0,235.0,-3.5,-2.5,0.18837675350701402,0.811623246492986
762,228,Sacramento,104,115,Milwaukee,133.0,-650.0,229.5,227.0,-10.5,-10.0,0.3492433061699651,0.650756693830035
763,228,OklahomaCity,86,450,Miami,126.0,-145.0,229.0,227.0,-2.5,-2.5,0.23501199040767384,0.764988009592326
764,228,Dallas,118,125,Utah,129.0,-600.0,230.0,229.0,-10.5,-10.0,0.34146341463414637,0.6585365853658537
765,228,Washington,119,425,Phoenix,111.0,-425.0,231.0,231.5,-7.5,-9.0,0.19047619047619047,0.8095238095238095
766,228,Detroit,113,325,LAClippers,132.0,-275.0,222.0,218.0,-6.0,-7.0,0.24291497975708504,0.757085020242915
767,228,Denver,103,225,NewYork,125.0,-140.0,222.5,220.0,-3.0,-2.5,0.34532374100719426,0.6546762589928058
768,229,Chicago,115,120,Miami,116.0,-330.0,215.0,214.0,-7.0,-7.5,0.3719723183391003,0.6280276816608996
769,229,Brooklyn,113,260,Atlanta,129.0,-130.0,223.0,219.5,-0.0,-2.0,0.32951289398280803,0.670487106017192
770,229,Portland,117,110,Cleveland,104.0,350.0,234.0,239.0,-215.0,-215.0,0.6818181818181818,0.3181818181818182
771,229,Indiana,113,-450,Memphis,105.0,500.0,229.5,228.0,8.0,9.0,0.8307692307692308,0.1692307692307692
772,229,LALakers,88,-700,Boston,110.0,-110.0,230.5,232.5,8.0,11.0,0.625531914893617,0.374468085106383
773,229,Orlando,113,155,Phoenix,99.0,-550.0,217.5,222.5,-8.5,-10.5,0.3166869671132765,0.6833130328867235
774,229,GoldenState,115,400,Charlotte,85.0,750.0,224.0,221.5,-218.0,-218.5,0.6296296296296297,0.3703703703703704
775,301,Philadelphia,130,1000,Minnesota,91.0,210.0,244.0,242.0,218.5,218.5,0.2198581560283688,0.7801418439716312
776,301,Detroit,100,400,Denver,133.0,-140.0,217.0,215.5,-4.5,-2.5,0.2553191489361702,0.7446808510638298
777,301,Toronto,118,120,NewOrleans,114.0,-135.0,233.5,220.0,217.5,-2.0,0.44172932330827064,0.5582706766917294
778,301,LALakers,122,115,GoldenState,110.0,250.0,230.0,235.5,2.5,-233.5,0.6194690265486725,0.3805309734513274
779,301,Washington,124,-310,NewYork,125.0,425.0,230.5,231.0,5.5,7.0,0.7987730061349694,0.20122699386503065
780,302,Portland,130,225,Cleveland,113.0,450.0,223.5,222.0,-219.0,220.0,0.6285714285714286,0.37142857142857144
781,302,Memphis,127,120,Miami,105.0,175.0,238.5,240.0,-226.0,-227.5,0.5555555555555556,0.4444444444444445
782,302,Milwaukee,89,-210,Chicago,109.0,220.0,224.0,220.0,3.0,5.0,0.6843177189409368,0.31568228105906315
783,302,Dallas,107,-270,SanAntonio,111.0,120.0,220.0,220.5,3.5,6.5,0.6161825726141079,0.38381742738589214
784,302,Indiana,116,-140,Charlotte,103.0,145.0,214.0,211.5,2.5,2.5,0.5883361921097771,0.411663807890223
785,303,Brooklyn,129,230,OklahomaCity,94.0,170.0,226.0,228.5,221.5,218.5,0.45,0.5499999999999999
786,303,Minnesota,139,450,Denver,100.0,-3000.0,247.5,247.0,-15.5,-16.5,0.15816326530612243,0.8418367346938775
787,303,GoldenState,116,1200,Phoenix,114.0,145.0,221.0,225.0,217.0,218.5,0.15857605177993528,0.8414239482200647
788,303,Philadelphia,107,650,Sacramento,133.0,-240.0,220.5,219.5,-5.0,-5.5,0.1588785046728972,0.8411214953271029
789,303,Washington,126,190,Cleveland,106.0,145.0,233.0,235.5,-215.0,-215.5,0.45794392523364486,0.5420560747663551
790,304,Boston,112,-170,Detroit,107.0,300.0,215.0,209.5,2.5,4.0,0.7157894736842105,0.28421052631578947
791,304,Orlando,113,240,NewYork,104.0,300.0,220.0,219.5,217.5,219.0,0.5405405405405405,0.45945945945945943
792,304,Memphis,118,-105,Minnesota,115.0,-130.0,225.0,223.0,-2.5,-2.0,0.4753937007874017,0.5246062992125985
793,304,Chicago,108,110,Dallas,127.0,-280.0,227.5,231.5,-6.0,-6.5,0.3925619834710744,0.6074380165289256
794,304,NewOrleans,123,230,Milwaukee,119.0,-700.0,237.5,240.0,-10.0,-11.5,0.25723472668810293,0.7427652733118971
795,304,Indiana,100,500,Portland,125.0,-360.0,222.0,220.5,-6.0,-8.0,0.17557251908396945,0.8244274809160306
796,304,Washington,104,280,Charlotte,112.0,400.0,239.0,243.5,-208.0,-208.0,0.5681818181818181,0.4318181818181818
797,305,Philadelphia,125,185,GoldenState,113.0,350.0,223.5,228.0,221.5,218.5,0.6122448979591837,0.3877551020408163
798,306,Atlanta,112,185,NewYork,103.0,200.0,246.5,239.5,-219.0,-217.0,0.5128205128205129,0.4871794871794872
799,306,SanAntonio,120,120,Boston,94.0,-125.0,222.5,225.5,-2.0,-1.5,0.44999999999999996,0.55
800,306,Utah,99,105,NewOrleans,110.0,-125.0,221.0,219.0,-2.0,-1.5,0.4675324675324675,0.5324675324675325
801,306,Miami,104,105,Minnesota,118.0,125.0,235.5,234.0,-234.5,232.5,0.5232558139534884,0.47674418604651164
802,306,Orlando,132,-145,Chicago,102.0,115.0,213.5,208.5,2.0,2.5,0.5599461158509206,0.4400538841490795
803,306,Memphis,96,250,Phoenix,127.0,140.0,233.5,233.0,227.0,225.0,0.4067796610169492,0.5932203389830509
804,306,Milwaukee,103,105,Charlotte,108.0,300.0,228.5,228.5,-222.0,-219.5,0.6611570247933884,0.33884297520661155
805,307,Houston,99,-400,Detroit,105.0,300.0,214.0,211.0,8.0,8.0,0.7619047619047619,0.23809523809523808
806,307,Utah,111,-400,Cleveland,104.0,400.0,218.0,219.0,8.5,8.0,0.8,0.2
807,307,Atlanta,101,220,GoldenState,118.0,145.0,235.0,235.0,-226.0,-220.0,0.4336283185840708,0.5663716814159292
808,307,Sacramento,123,110,Brooklyn,110.0,-280.0,230.0,230.5,-6.5,-6.5,0.3925619834710744,0.6074380165289256
809,308,Chicago,107,230,LAClippers,103.0,-150.0,220.5,218.5,-2.5,-2.5,0.33557046979865773,0.6644295302013422
810,308,LALakers,112,130,Minnesota,107.0,260.0,247.0,248.5,227.5,226.5,0.6101694915254237,0.38983050847457623
811,308,OklahomaCity,105,230,Phoenix,140.0,225.0,221.0,228.5,219.0,217.5,0.4961832061068703,0.5038167938931298
812,308,Indiana,112,225,Washington,89.0,190.0,231.5,233.0,219.0,218.5,0.4715447154471545,0.5284552845528455
813,308,Orlando,126,300,Cleveland,132.0,160.0,234.0,229.0,-221.0,-226.5,0.393939393939394,0.6060606060606061
814,308,Detroit,84,185,Sacramento,113.0,170.0,230.0,225.5,210.0,210.5,0.4864864864864865,0.5135135135135135
815,309,Charlotte,138,170,Utah,92.0,-260.0,225.0,222.0,-4.0,-6.0,0.3389830508474576,0.6610169491525424
816,309,Toronto,101,210,Denver,109.0,-330.0,225.5,224.5,-4.5,-7.5,0.2959394356503785,0.7040605643496215
817,309,Milwaukee,95,260,Indiana,111.0,130.0,223.5,220.0,-215.0,-215.0,0.38983050847457623,0.6101694915254237
818,310,NewYork,115,180,Chicago,108.0,-180.0,227.0,229.5,-3.5,-4.0,0.35714285714285715,0.6428571428571429
819,310,Cleveland,103,150,Houston,117.0,-900.0,217.5,217.5,-12.5,-12.5,0.3076923076923077,0.6923076923076923
820,310,Minnesota,111,600,Memphis,115.0,-130.0,246.0,249.5,-2.0,-2.0,0.20175438596491227,0.7982456140350876
821,310,Orlando,120,110,SanAntonio,119.0,150.0,227.5,232.0,224.0,219.0,0.5434782608695652,0.4565217391304348
822,310,Phoenix,105,200,LALakers,102.0,-1000.0,233.5,234.5,-12.0,-12.0,0.26829268292682923,0.7317073170731707
823,310,Brooklyn,104,650,GoldenState,107.0,575.0,226.5,227.0,223.5,-223.5,0.4736842105263159,0.5263157894736843
824,311,NewYork,136,200,Philadelphia,124.0,-800.0,230.0,232.5,-11.0,-12.0,0.27272727272727276,0.7272727272727273
825,311,Detroit,106,550,Miami,98.0,-700.0,215.0,209.5,-10.0,-11.0,0.14953271028037385,0.8504672897196263
826,311,Charlotte,109,500,Dallas,113.0,120.0,218.0,220.5,211.5,206.5,0.26829268292682923,0.7317073170731707
