,Unnamed: 0,Date,v,final_v,ml_v,h,final_h,ml_h,total_open,total_close,spread_open,spread_close,gameid,margin,vegas_home_win_prob,vegas_away_win_prob,home_rating,away_rating,home_win_prob,away_win_prob,pred_spread,spread_diff_vegas,vegas_spread_winprob,bet_size,bet_team,pred_error,spread_outcome,home_win_ats,pred_correct,wealth
0,0,1019,Brooklyn,104,105,Milwaukee,127,-125,240.5,233.5,-0.0,-1.5,B104M127,-23,0.5556,0.4878,1581.0,1593.0,0.5771,0.42290000000000005,-1.9285714285714286,-0.4285714285714286,0.5122,0.0,,-21.071428571428573,-1,-1,0.0,1000.0
1,1,1019,GoldenState,121,140,LALakers,114,-160,230.5,226.5,-4.5,-3.5,G121L114,7,0.6154,0.4167,1569.0,1545.0,0.6267,0.37329999999999997,-3.2142857142857144,0.2857142857142856,0.4919,0.0,,10.214285714285715,1,1,0.0,1000.0
2,2,1020,Indiana,122,-125,Charlotte,123,105,228.5,223.0,-2.0,1.5,I122C123,-1,0.4878,0.5556,1485.0,1509.0,0.5602,0.43979999999999997,-1.5,-3.0,0.5848,-0.03201999999999995,,0.5,1,-1,0.0,1029.1090909090908
3,3,1020,Chicago,94,-220,Detroit,88,190,220.5,218.0,2.5,5.0,C94D88,6,0.3448,0.6875,1401.0,1509.0,0.4398,0.5602,1.5,-3.5,0.5987,-0.0393175,,4.5,1,1,1.0,988.6470942272726
4,4,1020,Washington,98,120,Toronto,83,-140,220.0,223.0,-3.5,-2.5,W98T83,15,0.5833,0.4545,1467.0,1455.0,0.6104,0.38959999999999995,-2.7857142857142856,-0.2857142857142856,0.5081,0.0,,17.785714285714285,1,1,1.0,988.6470942272726
5,5,1020,Boston,134,120,NewYork,138,-140,217.5,220.0,-1.0,-2.5,B134N138,-4,0.5833,0.4545,1503.0,1527.0,0.5602,0.43979999999999997,-1.5,1.0,0.47150000000000003,0.0024624999999999955,Boston,-2.5,-1,-1,1.0,986.212550757738
6,6,1020,Cleveland,121,240,Memphis,132,-280,217.5,218.5,-8.0,-7.0,C121M132,-11,0.7368,0.2941,1503.0,1413.0,0.7105,0.2895,-5.571428571428571,1.4285714285714288,0.45940000000000003,0.008814999999999967,Cleveland,-5.428571428571429,-1,-1,1.0,977.5190871228085
7,7,1020,Philadelphia,117,-170,NewOrleans,97,150,227.5,224.0,1.5,4.0,P117N97,20,0.4,0.6296,1491.0,1557.0,0.5,0.5,0.0,-4.0,0.6125,-0.04656250000000003,,20.0,1,1,1.0,932.0033546286527
8,8,1020,Houston,106,220,Minnesota,124,-260,228.5,232.0,-4.5,-6.5,H106M124,-18,0.7222,0.3125,1467.0,1419.0,0.6584,0.3416,-4.071428571428571,2.428571428571429,0.43110000000000004,0.02367249999999993,Houston,-13.928571428571429,-1,-1,1.0,909.940505216206
9,9,1020,Orlando,97,225,SanAntonio,123,-265,215.5,212.5,-5.5,-7.0,O97S123,-26,0.726,0.3077,1425.0,1389.0,0.6427,0.35729999999999995,-3.642857142857143,3.357142857142857,0.4052,0.03727,Orlando,-22.357142857142858,-1,-1,1.0,876.027022586798
10,10,1020,OklahomaCity,86,750,Utah,107,-1200,221.5,221.5,-11.5,-14.0,O86U107,-21,0.9231,0.1176,1569.0,1395.0,0.7992,0.20079999999999998,-8.571428571428571,5.428571428571429,0.34909999999999997,0.06672250000000006,OklahomaCity,-12.428571428571429,-1,-1,1.0,817.5763095722504
11,11,1020,Sacramento,124,220,Portland,121,-260,231.5,234.0,-5.5,-6.5,S124P121,3,0.7222,0.3125,1521.0,1473.0,0.6584,0.3416,-4.071428571428571,2.428571428571429,0.43110000000000004,0.02367249999999993,Sacramento,7.071428571428571,1,1,0.0,835.1709233798404
12,12,1020,Denver,110,200,Phoenix,98,-240,224.5,224.0,-6.5,-6.0,D110P98,12,0.7059,0.3333,1563.0,1539.0,0.6267,0.37329999999999997,-3.2142857142857144,2.7857142857142856,0.42110000000000003,0.02892249999999998,Denver,15.214285714285715,1,1,0.0,857.1302243175253
13,13,1021,Dallas,87,120,Atlanta,113,-140,224.5,225.5,-2.5,-2.5,D87A113,-26,0.5833,0.4545,1539.0,1545.0,0.5855,0.4145,-2.142857142857143,0.3571428571428572,0.4898,0.0,,-23.857142857142858,-1,-1,1.0,857.1302243175253
14,14,1021,Milwaukee,95,130,Miami,137,-150,224.5,222.5,1.5,-3.0,M95M137,-42,0.6,0.4348,1545.0,1589.4581504834935,0.531,0.469,-0.7693517684466623,2.230648231553338,0.4367,0.020732499999999994,Milwaukee,-41.23064823155334,-1,-1,1.0,839.3597719418622
15,15,1021,LAClippers,113,160,GoldenState,115,-180,225.5,229.0,-2.5,-4.0,L113G115,-2,0.6429,0.3846,1557.5339816333346,1527.0,0.6355,0.36450000000000005,-3.4476422011905226,0.5523577988094774,0.48429999999999995,0.0,,1.4476422011905226,1,1,0.0,839.3597719418622
16,16,1022,NewYork,121,-350,Orlando,96,290,212.0,212.0,4.5,7.5,N121O96,25,0.2564,0.7778,1381.8542613766524,1511.796997095362,0.409,0.591,2.2836691328110583,-5.216330867188942,0.6453,-0.06378249999999999,,22.71633086718894,1,1,1.0,785.8233072879804
17,17,1022,Charlotte,123,-135,Cleveland,112,115,225.5,226.0,3.0,2.5,C123C112,11,0.4651,0.5745,1407.2108002473967,1493.796997095362,0.4704,0.5296000000000001,0.7352213159987612,-1.764778684001239,0.5502,-0.013854999999999973,,10.26477868400124,1,1,1.0,774.9357253655054
18,18,1022,Indiana,134,-130,Washington,135,110,230.0,225.5,-2.0,2.0,I134W135,-1,0.4762,0.5652,1467.2080484418939,1500.203002904638,0.5474,0.4526,-1.1787516263305682,-3.178751626330568,0.5898,-0.034645,,0.17875162633056818,1,-1,0.0,799.3426782794036
19,19,1022,Toronto,115,240,Boston,83,-280,221.0,217.5,-8.0,-7.0,T115B83,32,0.7368,0.2941,1518.203002904638,1454.7919515581061,0.6781,0.32189999999999996,-4.621823262376138,2.3781767376238623,0.4326,0.022885000000000013,Toronto,36.62182326237614,1,1,0.0,815.9726393634255
20,20,1022,Brooklyn,114,-120,Philadelphia,109,100,229.5,224.5,1.0,1.0,B114P109,5,0.5,0.5455,1567.0,1584.5418495165065,0.5693,0.43069999999999997,-1.7306482315533376,-2.730648231553338,0.5772999999999999,-0.02808249999999999,,6.730648231553338,1,1,1.0,793.0580877185022
21,21,1022,OklahomaCity,91,130,Houston,124,-150,225.5,221.0,-3.0,-2.5,O91H124,-33,0.6,0.4348,1412.1682904183383,1390.9847998217379,0.6229,0.3771,-3.1136960927357302,-0.6136960927357302,0.5175000000000001,0.0,,-29.88630390726427,-1,-1,0.0,793.0580877185022
22,22,1022,NewOrleans,112,235,Chicago,128,-275,224.0,222.5,-6.5,-7.0,N112C128,-16,0.7333,0.2985,1517.796997095362,1481.0,0.6438,0.35619999999999996,-3.6713213248343584,3.3286786751656416,0.406,0.03684999999999997,NewOrleans,-12.32867867516564,-1,-1,1.0,763.8338971860754
23,23,1022,SanAntonio,96,260,Denver,102,-310,219.0,222.0,-8.0,-7.5,S96D102,-6,0.7561,0.2778,1551.5339816333346,1432.1457386233476,0.7441,0.2559,-6.621008678928108,0.8789913210718918,0.475,0.0006250000000000422,SanAntonio,0.6210086789281082,1,1,0.0,764.2678937185675
24,24,1022,Phoenix,115,105,LALakers,105,-125,226.5,222.0,-3.0,-1.5,P115L105,10,0.5556,0.4878,1556.4660183666654,1550.4660183666654,0.6022,0.39780000000000004,-2.5714285714285716,-1.0714285714285716,0.5305,-0.0035124999999999683,,12.571428571428571,1,1,1.0,761.5834027418811
25,25,1022,Utah,110,-240,Sacramento,101,200,226.5,227.0,6.0,6.5,U110S101,9,0.3333,0.7059,1486.1682904183383,1573.0152001782621,0.47,0.53,0.7445324914258517,-5.7554675085741485,0.6595,-0.07123750000000001,,8.255467508574148,1,1,1.0,707.3301050890564
26,26,1023,Atlanta,95,-360,Cleveland,101,300,223.0,223.5,3.0,8.5,A95C101,-6,0.25,0.7826,1397.8026261939588,1547.2900264265638,0.3821,0.6179,2.981692865450181,-5.5183071345498185,0.6533,-0.06798249999999995,,-8.981692865450182,-1,-1,0.0,751.0447131519807
27,27,1023,Miami,91,-155,Indiana,102,135,224.0,222.0,3.0,3.0,M91I102,-11,0.4255,0.6078,1491.1501171853088,1554.3807690304586,0.504,0.496,-0.0989052912446482,-3.098905291244648,0.5876,-0.03349000000000001,,-10.901094708755352,-1,-1,0.0,773.9106108278532
28,28,1023,Dallas,103,-190,Toronto,95,170,218.0,217.5,3.5,5.0,D103T95,8,0.3704,0.6552,1468.3534978009309,1536.7099735734362,0.4966,0.5034000000000001,0.08415984901804612,-4.915840150981954,0.6373,-0.059582499999999976,,7.915840150981954,1,1,1.0,727.7990818582027
29,29,1023,NewOrleans,89,260,Minnesota,96,-310,226.0,228.5,-6.0,-7.5,N89M96,-7,0.7561,0.2778,1473.8317095816617,1473.8753181426289,0.5938,0.4062,-2.355585408536886,5.144414591463114,0.35660000000000003,0.06278499999999997,NewOrleans,-4.644414591463114,-1,1,0.0,769.339868544082
30,30,1023,Detroit,82,280,Chicago,97,-340,214.5,213.5,-9.0,-8.0,D82C97,-15,0.7727,0.2632,1524.9216789527331,1392.203002904638,0.7584,0.24160000000000004,-7.097095573146256,0.9029044268537438,0.47430000000000005,0.0009924999999999962,Detroit,-7.902904426853744,-1,-1,1.0,768.5762987245521
31,31,1023,Milwaukee,121,-250,SanAntonio,111,210,223.5,225.5,7.5,6.0,M121S111,10,0.3226,0.7143,1427.0269457730046,1580.0773814530348,0.3773,0.6227,3.10894413142965,-2.89105586857035,0.5818,-0.03044499999999999,,6.89105586857035,1,1,1.0,745.1769933098831
32,32,1023,Phoenix,105,135,Portland,134,-155,232.0,229.0,-2.0,-3.0,P105P134,-29,0.6078,0.4255,1507.8317095816617,1562.5091802301597,0.5163,0.4837,-0.4043760482679285,2.5956239517320716,0.4265,0.026087500000000003,Phoenix,-28.595623951732072,-1,-1,1.0,725.7371884969115
33,33,1023,Memphis,120,155,LAClippers,114,-175,226.0,226.0,-3.5,-4.0,M120L114,6,0.6364,0.3922,1519.7091138554333,1508.7891997526033,0.6089,0.3911,-2.747139789386787,1.2528602106132132,0.46430000000000005,0.006242499999999984,Memphis,8.747139789386786,1,1,0.0,729.8557470416314
34,34,1024,Charlotte,111,350,Brooklyn,95,-420,231.5,233.0,-8.5,-9.0,C111B95,16,0.8077,0.2222,1595.9276131131787,1503.2051711488,0.7138,0.2862,-5.668658641584955,3.3313413584150453,0.406,0.03684999999999997,Charlotte,21.668658641584955,1,1,0.0,754.305914567526
35,35,1024,Orlando,110,600,NewYork,104,-900,215.0,212.0,-12.0,-12.0,O110N104,6,0.9,0.1429,1519.9770787297246,1373.6741797422899,0.7724,0.22760000000000002,-7.582246392408381,4.417753607591619,0.3762,0.052495000000000035,Orlando,13.582246392408381,1,1,0.0,790.3034500086371
36,36,1024,Boston,107,-210,Houston,97,180,225.5,221.5,6.0,5.0,B107H97,10,0.3571,0.6774,1419.7103236489922,1504.6414566618132,0.4728,0.5272,0.6761118933150344,-4.323888106684966,0.6213,-0.05118250000000001,,9.323888106684965,1,1,1.0,749.85374367857
37,37,1024,Philadelphia,115,-500,OklahomaCity,103,400,216.5,216.0,7.5,9.5,P115O103,12,0.2,0.8333,1383.442766591084,1555.6142364033278,0.3518,0.6482,3.7918382075801396,-5.70816179241986,0.6583,-0.0706075,,8.20816179241986,1,1,1.0,696.9084454717854
38,38,1024,GoldenState,119,-150,Sacramento,107,130,231.0,234.5,3.0,3.0,G119S107,12,0.4348,0.6,1476.7675936691573,1564.8248677779013,0.4683,0.5317000000000001,0.7877597895979989,-2.212240210402001,0.5628,-0.02047,,11.212240210402001,1,1,1.0,682.642729592978
39,39,1024,Memphis,118,180,LALakers,121,-210,221.0,225.5,-6.0,-5.5,M118L121,-3,0.6774,0.3571,1544.422856503171,1520.967656264046,0.626,0.374,-3.1948285799687546,2.3051714200312454,0.4346,0.02183500000000004,Memphis,0.19482857996875458,1,1,0.0,696.1931877753985
40,41,1025,Boston,140,-130,Charlotte,129,110,224.0,225.0,1.0,2.0,B140C129,11,0.4762,0.5652,1517.4802226998868,1514.0971134582574,0.5985,0.40149999999999997,-2.477968187201051,-4.477968187201051,0.6255,-0.05338749999999998,,13.47796818720105,1,1,1.0,659.0251739630395
41,42,1025,Orlando,90,700,Miami,107,-1100,213.5,211.5,-14.0,-13.5,O90M107,-17,0.9167,0.125,1544.4604755896723,1389.1228859826267,0.7814,0.21860000000000002,-7.904913914537344,5.595086085462656,0.3447,0.06903249999999998,Orlando,-9.095086085462656,-1,-1,1.0,613.5310186414359
42,43,1025,Chicago,111,-135,Toronto,108,115,213.0,213.5,2.5,2.0,C111T108,3,0.4651,0.5745,1458.4213215857449,1529.7537186475254,0.4923,0.5077,0.19044275220644685,-1.809557247793553,0.5514,-0.014484999999999982,,2.809557247793553,1,1,1.0,604.6440218364147
43,44,1025,Detroit,104,525,Atlanta,122,-750,213.5,212.5,-10.5,-11.5,D104A122,-18,0.8824,0.16,1534.9322727722333,1387.3709632098457,0.7737,0.22629999999999995,-7.627189627228128,3.8728103727718723,0.391,0.044725000000000015,Detroit,-10.372810372771873,-1,-1,1.0,577.601317959781
44,45,1025,Washington,90,200,Brooklyn,104,-240,233.5,229.0,-7.5,-6.0,W90B104,-14,0.7059,0.3333,1581.652561562092,1476.260934161223,0.7284,0.27159999999999995,-6.12112955003103,-0.12112955003103032,0.5035000000000001,0.0,,-7.87887044996897,-1,-1,0.0,577.601317959781
45,46,1025,NewOrleans,107,190,Minnesota,98,-220,225.0,224.5,-5.5,-5.5,N107M98,9,0.6875,0.3448,1481.955812834928,1465.7512148893625,0.6161,0.3839,-2.935878498055916,2.564121501944084,0.4273,0.02566749999999998,NewOrleans,11.935878498055915,1,1,0.0,591.0791196222652
46,47,1025,Cleveland,99,400,Denver,87,-500,220.5,221.0,-10.5,-9.5,C99D87,12,0.8333,0.2,1556.6527744836776,1410.1603798482893,0.7726,0.22740000000000005,-7.589014094121012,1.910985905878988,0.4457,0.01600749999999999,Cleveland,19.589014094121012,1,1,0.0,599.6806641744047
47,48,1025,Portland,86,120,LAClippers,116,-140,234.5,229.5,-3.0,-2.5,P86L116,-30,0.5833,0.4545,1507.5306573439907,1517.5059363096523,0.5799,0.42010000000000003,-2.000882894083515,0.49911710591648495,0.4858,0.0,,-27.999117105916486,-1,-1,1.0,599.6806641744047
48,49,1026,Philadelphia,99,100,NewYork,112,-120,218.5,217.0,-1.0,-1.0,P99N112,-13,0.5455,0.5,1504.5283724893877,1562.6500738102218,0.5113,0.4887,-0.28136780997021205,0.718632190029788,0.47950000000000004,0.0,,-12.718632190029789,-1,-1,1.0,599.6806641744047
49,50,1026,GoldenState,106,-600,OklahomaCity,98,450,224.0,223.5,9.0,11.0,G106O98,8,0.1818,0.8571,1376.40692918419,1574.1908599491649,0.3189,0.6811,4.706568955891961,-6.293431044108039,0.6735,-0.07858749999999995,,3.293431044108039,1,-1,0.0,642.5237588978647
50,51,1026,Houston,106,475,Dallas,116,-650,220.5,222.5,-11.0,-11.0,H106D116,-10,0.8667,0.1739,1546.6421497886222,1410.254666852548,0.7622,0.2378,-7.228124390574075,3.7718756094259254,0.39380000000000004,0.04325499999999995,Houston,-2.7718756094259254,-1,1,0.0,667.789545435253
51,52,1026,LALakers,125,115,SanAntonio,121,-135,220.0,220.0,4.5,-2.0,L125S121,4,0.5745,0.4651,1419.4813139462947,1551.903554427194,0.4056,0.5944,2.3722228743178317,4.372222874317831,0.37739999999999996,0.05186500000000003,LALakers,1.6277771256821683,1,1,0.0,699.2758225025252
52,53,1026,Denver,110,265,Utah,122,-320,220.0,218.5,-7.0,-7.5,D110U122,-12,0.7619,0.274,1582.415896927443,1541.2002345017406,0.6496,0.35040000000000004,-3.8291308009179454,3.6708691990820546,0.39659999999999995,0.04178500000000002,Denver,-8.170869199082055,-1,-1,1.0,670.0565822592572
53,54,1027,Charlotte,120,-210,Orlando,111,180,220.5,221.0,6.5,5.5,C120O111,9,0.3571,0.6774,1384.7518355626362,1505.5093466332662,0.4218,0.5782,1.9556253953796434,-3.544374604620357,0.5999,-0.039947500000000004,,7.044374604620357,1,1,1.0,643.2894969394555
54,55,1027,Miami,106,140,Brooklyn,93,-160,222.5,218.0,-5.0,-3.5,M106B93,13,0.6154,0.4167,1587.0842071957438,1548.8315260096629,0.6457,0.35429999999999995,-3.7233100423600343,-0.22331004236003427,0.5064,0.0,,16.723310042360033,1,1,1.0,643.2894969394555
55,56,1027,Indiana,100,100,Toronto,118,-120,220.0,214.0,1.5,-1.0,I100T118,-18,0.5455,0.5,1448.5747882606793,1501.070410626095,0.5194,0.4806,-0.4822992012351506,0.5177007987648494,0.48529999999999995,0.0,,-17.51770079876485,-1,-1,1.0,643.2894969394555
56,57,1027,Atlanta,102,-200,NewOrleans,99,175,222.0,220.5,5.5,5.0,A102N99,3,0.3636,0.6667,1478.0740687990226,1539.4581499640879,0.5066,0.49339999999999995,-0.16485424410481236,-5.164854244104812,0.6438999999999999,-0.06304749999999996,,3.1648542441048124,1,-1,0.0,680.160219265174
57,58,1027,Washington,116,155,Boston,107,-175,228.5,224.0,-4.5,-4.0,W116B107,9,0.6364,0.3922,1526.067989524878,1470.8292885275712,0.6677,0.33230000000000004,-4.3299536070466695,-0.32995360704666954,0.5094000000000001,0.0,,13.329953607046669,1,1,1.0,680.160219265174
58,59,1027,LALakers,115,-220,OklahomaCity,123,190,220.5,217.0,9.0,5.5,L115O123,-8,0.3448,0.6875,1370.0279635571042,1560.0147245614573,0.3288,0.6712,4.428098607298328,-1.0719013927016716,0.5305,-0.0035124999999999683,,-12.428098607298327,-1,-1,0.0,682.3320945107821
59,60,1027,Minnesota,113,195,Milwaukee,108,-235,228.5,231.0,-7.0,-5.5,M113M108,5,0.7015,0.339,1587.6230132797448,1469.632958925268,0.7425,0.25749999999999995,-6.571073369802742,-1.0710733698027424,0.5305,-0.0035124999999999683,,11.571073369802743,1,1,1.0,679.935403028813
60,61,1027,Sacramento,110,300,Phoenix,107,-360,228.0,224.5,-8.5,-8.0,S110P107,3,0.7826,0.25,1552.8349535021691,1467.4016014978938,0.7051,0.29490000000000005,-5.40833400015269,2.5916659998473097,0.4266,0.026034999999999992,Sacramento,8.40833400015269,1,1,0.0,696.0282377723177
61,62,1027,Memphis,96,115,Portland,116,-135,235.5,233.0,-4.5,-2.5,M96P116,-20,0.5745,0.4651,1509.1046248679768,1513.486958340023,0.5878,0.4122,-2.200630947426922,0.2993690525730779,0.49150000000000005,0.0,,-17.799369052573077,-1,-1,1.0,696.0282377723177
62,63,1027,Cleveland,92,290,LAClippers,79,-350,220.0,219.0,-7.5,-8.5,C92L79,13,0.7778,0.2564,1515.9319687856662,1425.6129198302262,0.7109,0.2891,-5.582823176979998,2.917176823020002,0.4175,0.030812500000000003,Cleveland,18.58282317698,1,1,0.0,715.5249378417354
63,64,1028,Detroit,102,450,Philadelphia,110,-600,217.0,211.0,-10.5,-11.0,D102P110,-8,0.8571,0.1818,1552.8767906174155,1382.8450860179912,0.7955,0.20450000000000002,-8.429703735693725,2.5702962643062754,0.4272,0.02571999999999999,Detroit,0.42970373569372455,1,1,0.0,732.2552118429077
64,65,1028,Atlanta,111,-170,Washington,122,150,224.0,222.5,2.5,4.0,A111W122,-11,0.4,0.6296,1484.1837556519938,1549.590998971563,0.5009,0.4991,-0.02116988144395496,-4.021169881443955,0.613,-0.046824999999999964,,-10.978830118556045,-1,-1,0.0,763.4259848379478
65,66,1028,NewYork,104,100,Chicago,103,-120,215.0,216.5,-4.0,-1.5,N104C103,1,0.5455,0.5,1539.600251972591,1514.301655682194,0.6284,0.37160000000000004,-3.2606641532284635,-1.7606641532284635,0.55,-0.013750000000000012,,4.260664153228463,1,1,1.0,752.928877546426
66,67,1028,Utah,122,-450,Houston,91,375,223.5,222.5,9.0,9.5,U122H91,31,0.2105,0.8182,1405.499598416599,1589.4243451843988,0.3365,0.6635,4.211598098849996,-5.288401901150004,0.6472,-0.06478000000000002,,26.788401901150003,1,1,1.0,704.1541448589685
67,68,1028,SanAntonio,99,220,Dallas,104,-260,221.5,219.5,-6.0,-6.5,S99D104,-5,0.7222,0.3125,1551.3972182245714,1411.3701438120313,0.766,0.23399999999999999,-7.358109800447859,-0.8581098004478589,0.5244,0.0,,2.358109800447859,1,1,1.0,704.1541448589685
68,69,1028,Memphis,104,200,GoldenState,101,-240,233.0,228.0,-5.0,-6.0,M104G101,3,0.7059,0.3333,1580.5698255762507,1505.2420943913469,0.6929,0.30710000000000004,-5.04741897088942,0.9525810291105801,0.4729,0.0017275000000000263,Memphis,8.04741897088942,1,1,0.0,705.259986936463
69,70,1029,Orlando,109,380,Toronto,110,-460,210.0,206.5,-7.0,-9.5,O109T110,-1,0.8214,0.2083,1458.1862966495642,1376.3149624930427,0.7008,0.2992,-5.281119077018624,4.218880922981376,0.38160000000000005,0.04965999999999994,Orlando,4.281119077018624,1,1,0.0,737.0992696194309
70,71,1029,Charlotte,99,240,Miami,114,-280,220.5,221.5,-5.5,-7.0,C99M114,-15,0.7368,0.2941,1561.745231743824,1513.9462197028597,0.6582,0.3418,-4.064250430034439,2.9357495699655614,0.41700000000000004,0.031075,Charlotte,-10.935749569965562,-1,-1,1.0,714.193909816007
71,72,1029,Indiana,98,340,Brooklyn,105,-410,223.0,223.0,-9.0,-8.5,I98B105,-7,0.8039,0.2273,1574.1705014615827,1491.4589022372102,0.7018,0.2982,-5.311128543727591,3.188871456272409,0.40990000000000004,0.03480249999999998,Indiana,-1.688871456272409,-1,1,0.0,736.7900312217994
72,73,1029,Sacramento,113,-120,NewOrleans,109,100,222.5,221.0,1.0,1.5,S113N109,4,0.5,0.5455,1467.9412197915474,1481.5036727207082,0.5749,0.42510000000000003,-1.8727695382442562,-3.372769538244256,0.5952,-0.03747999999999998,,5.872769538244256,1,1,1.0,709.1751408516063
73,74,1029,LAClippers,92,140,Portland,111,-160,225.0,223.5,-4.0,-3.5,L92P111,-19,0.6154,0.4167,1517.3494888166529,1501.7136167104848,0.6154,0.38460000000000005,-2.9155668609345753,0.5844331390654247,0.48340000000000005,0.0,,-16.084433139065425,-1,-1,1.0,709.1751408516063
74,75,1029,Dallas,75,145,Denver,106,-165,219.5,216.5,-1.5,-4.0,D75D106,-31,0.6226,0.4082,1534.191786244785,1556.0767661098134,0.5631,0.43689999999999996,-1.5755364333918382,2.4244635666081615,0.4313,0.02356750000000003,Dallas,-29.42446356660816,-1,-1,1.0,692.4616557195861
75,76,1029,Cleveland,101,290,LALakers,113,-350,219.5,221.5,-8.0,-8.0,C101L113,-12,0.7778,0.2564,1546.5902493039519,1439.8312719054077,0.73,0.27,-6.169963478519435,1.8300365214805652,0.44799999999999995,0.014800000000000047,Cleveland,-5.830036521480565,-1,-1,1.0,682.2132232149362
76,77,1030,Boston,112,110,Washington,115,-130,225.0,223.5,-1.5,-2.0,B112W115,-3,0.5652,0.4762,1494.1666947598455,1512.7135224004553,0.5679,0.43210000000000004,-1.6947561556925084,0.30524384430749163,0.49129999999999996,0.0,,-1.3052438443074916,-1,-1,1.0,682.2132232149362
77,78,1030,Orlando,103,200,Detroit,110,-240,205.5,207.5,-5.5,-6.0,O103D110,-7,0.7059,0.3333,1378.756077751023,1370.3314050360796,0.6055,0.39449999999999996,-2.658024025533694,3.341975974466306,0.40569999999999995,0.037007500000000006,Orlando,-4.3419759744663065,-1,-1,1.0,656.9662173568095
78,79,1030,NewYork,123,-360,NewOrleans,117,300,217.0,214.0,4.5,8.0,N123N117,6,0.25,0.7826,1456.4433023552335,1526.8705806877488,0.4936,0.5064,0.15811708330411584,-7.8418829166958846,0.7122999999999999,-0.09895749999999995,,5.8418829166958846,1,-1,0.0,716.0677941332517
79,80,1030,Toronto,97,125,Indiana,94,-145,215.5,212.0,-3.5,-3.0,T97I94,3,0.5918,0.4444,1485.4956083883144,1464.1698541065273,0.6231,0.3769,-3.118776938635254,-0.11877693863525396,0.5034000000000001,0.0,,6.1187769386352535,1,1,1.0,716.0677941332517
80,81,1030,Atlanta,94,145,Philadelphia,122,-165,218.5,216.5,-3.0,-3.5,A94P122,-28,0.6226,0.4082,1556.9657988843837,1539.6080598637113,0.6177,0.3823,-2.977062107881157,0.522937892118843,0.4851,0.0,,-25.022937892118843,-1,-1,1.0,716.0677941332517
81,82,1030,Utah,99,-160,Chicago,107,140,216.5,218.5,4.5,3.5,U99C107,-8,0.4167,0.6154,1527.0313269670362,1596.1547975085996,0.4955,0.5045,0.11155251934154974,-3.38844748065845,0.5956,-0.03769000000000002,,-8.111552519341549,-1,-1,0.0,740.6028806431447
82,83,1030,SanAntonio,102,240,Milwaukee,93,-280,224.5,223.5,-7.0,-7.0,S102M93,9,0.7368,0.2941,1572.772521007663,1406.6905959267892,0.7918,0.20820000000000005,-8.28864018145978,-1.2886401814597797,0.5367,-0.006767499999999971,,17.28864018145978,1,1,1.0,735.5908506483922
83,84,1030,Miami,129,135,Memphis,103,-155,217.5,215.0,-2.0,-3.5,M129M103,26,0.6078,0.4255,1519.0993945316195,1568.5821464855767,0.5238,0.47619999999999996,-0.5899017159301009,2.9100982840698992,0.41769999999999996,0.030707500000000044,Miami,26.5899017159301,1,1,0.0,756.1255379631973
84,85,1030,OklahomaCity,82,600,GoldenState,103,-900,220.0,217.0,-12.5,-12.5,O82G103,-21,0.9,0.1429,1566.712525435978,1383.4524388146096,0.8077,0.19230000000000003,-8.902145950763156,3.597854049236844,0.39859999999999995,0.04073500000000004,OklahomaCity,-12.097854049236844,-1,-1,1.0,725.3247641742664
85,86,1030,Denver,93,105,Minnesota,91,-125,222.0,219.5,-2.5,-1.5,D93M91,2,0.5556,0.4878,1484.4834511973497,1542.928833805836,0.5109,0.4891,-0.2698077639826368,1.2301922360173632,0.46499999999999997,0.00587500000000003,Denver,2.269807763982637,1,1,0.0,729.1986578011063
86,87,1030,Cleveland,92,400,Phoenix,101,-500,218.0,216.0,-9.5,-10.0,C92P101,-9,0.8333,0.2,1538.7328822793547,1434.4307122806308,0.7272,0.27280000000000004,-6.082220357097283,3.917779642902717,0.38980000000000004,0.045354999999999965,Cleveland,-2.917779642902717,-1,1,0.0,759.2648442779873
87,88,1031,Sacramento,99,165,Dallas,105,-185,219.0,218.5,-4.5,-4.5,S99D105,-6,0.6491,0.3774,1547.3397185487624,1493.001590157022,0.6666,0.33340000000000003,-4.297790299705014,0.2022097002949863,0.4942,0.0,,-1.7022097002949863,-1,-1,1.0,759.2648442779873
88,89,1031,Portland,113,-125,Charlotte,125,105,230.0,231.0,1.0,2.0,P113C125,-12,0.4878,0.5556,1507.109304961107,1525.0421268019516,0.5687,0.4313,-1.7166849342555517,-3.716684934255552,0.6047,-0.04246750000000004,,-10.283315065744448,-1,-1,0.0,788.5776440728741
89,90,1031,Utah,107,-185,Milwaukee,95,165,224.5,222.0,-1.0,4.5,U107M95,12,0.3774,0.6491,1556.9359893030091,1586.064899221645,0.5529,0.44710000000000005,-1.3168246457630062,-5.816824645763006,0.6611,-0.0720775,,13.316824645763006,1,1,1.0,731.7389389322116
90,91,1031,Detroit,91,600,Brooklyn,117,-900,215.0,211.0,-12.5,-12.0,D91B117,-26,0.9,0.1429,1580.1337953104785,1386.6461377926685,0.8166,0.1834,-9.267416339921786,2.7325836600782143,0.4226,0.028135,Detroit,-16.732583660078213,-1,-1,1.0,711.1514638853538
91,92,1031,Houston,85,475,LALakers,95,-650,224.0,224.5,-12.0,-11.0,H85L95,-10,0.8667,0.1739,1551.9908089287287,1398.7691460923982,0.7794,0.22060000000000002,-7.82934510129752,3.1706548987024803,0.4104,0.03453999999999998,Houston,-2.1706548987024803,-1,1,0.0,733.4816198513539
92,93,1101,Cleveland,113,180,Charlotte,110,-210,224.5,220.0,-4.0,-5.0,C113C110,3,0.6774,0.3571,1515.7345800716016,1428.9742182126292,0.7067,0.2933,-5.455727209249013,-0.4557272092490132,0.513,0.0,,8.455727209249012,1,1,1.0,733.4816198513539
93,94,1101,Portland,103,-125,Philadelphia,113,105,220.5,221.5,-6.5,2.0,P103P113,-10,0.4878,0.5556,1564.6115700305413,1516.416851691457,0.6587,0.34130000000000005,-4.078382797824442,-6.078382797824442,0.6678999999999999,-0.07564749999999995,,-5.921617202175558,-1,-1,0.0,783.9234842492677
94,95,1101,SanAntonio,118,120,Indiana,131,-140,218.5,215.5,-3.5,-2.5,S118I131,-13,0.5833,0.4545,1473.0337947124415,1422.5271276314431,0.6617,0.33830000000000005,-4.16095239574994,-1.6609523957499404,0.5472,-0.012280000000000013,,-8.839047604250059,-1,-1,0.0,792.6749209643414
95,96,1101,Toronto,113,250,NewYork,104,-300,211.5,209.0,-7.0,-7.5,T113N104,9,0.75,0.2857,1536.7431602707604,1476.6316677824002,0.6739,0.32609999999999995,-4.503981874584293,2.9960181254157066,0.4153,0.0319675,Toronto,13.503981874584294,1,1,0.0,815.7111350879119
96,97,1101,Washington,111,175,Atlanta,118,-200,224.0,222.0,-6.0,-5.5,W111A118,-7,0.6667,0.3636,1531.9622887175537,1502.8093125860323,0.6336,0.36639999999999995,-3.3983205761257653,2.1016794238742347,0.4403,0.018842499999999967,Washington,-3.6016794238742347,-1,-1,1.0,800.3410980250179
97,98,1101,Chicago,128,120,Boston,114,-140,217.5,215.5,-2.0,-3.0,C128B114,14,0.5833,0.4545,1504.0709045742685,1537.1212252539908,0.5473,0.4527,-1.1767742614384897,1.8232257385615103,0.44820000000000004,0.014694999999999963,Chicago,15.17677426143849,1,1,0.0,811.0329275118157
98,99,1101,Denver,97,115,Memphis,106,-135,216.0,215.5,-1.5,-2.0,D97M106,-9,0.5745,0.4651,1508.6243477473017,1553.1462389113215,0.5309,0.46909999999999996,-0.7670753155707237,1.2329246844292763,0.4649,0.005927500000000041,Denver,-8.232924684429276,-1,-1,1.0,806.2255298339894
99,100,1101,Orlando,115,320,Minnesota,97,-380,218.0,217.0,-9.0,-8.5,O115M97,18,0.7917,0.2381,1474.2660460918642,1362.441344994434,0.7357,0.2643,-6.350882182051074,2.149117817948926,0.43899999999999995,0.01952500000000005,Orlando,24.350882182051073,1,1,0.0,820.5360329885427
100,101,1101,OklahomaCity,94,550,LAClippers,99,-800,214.0,210.0,-11.0,-12.5,O94L99,-5,0.8889,0.1538,1494.020978725186,1379.6055762434003,0.7386,0.26139999999999997,-6.44340723149235,6.05659276850765,0.3326,0.07538500000000002,OklahomaCity,1.4434072314923503,1,1,0.0,876.7688592129439
101,102,1102,Milwaukee,117,-180,Detroit,89,160,216.0,211.5,4.5,4.5,M117D89,28,0.3846,0.6429,1382.9788901822533,1545.878720106553,0.3641,0.6359,3.46070821158213,-1.03929178841787,0.5296000000000001,-0.003040000000000054,,24.53929178841787,1,1,1.0,874.1034818809364
102,103,1102,Miami,125,-140,Dallas,110,120,212.5,209.5,2.0,2.5,M125D110,15,0.4545,0.5833,1554.0082752567992,1579.0571932698945,0.5587,0.4413,-1.4625386423894529,-3.962538642389453,0.6113999999999999,-0.04598499999999997,,16.462538642389454,1,1,1.0,833.9078332666415
103,104,1102,Sacramento,113,340,Utah,119,-410,220.0,223.5,-10.0,-9.5,S113U119,-6,0.8039,0.2273,1597.1221684181012,1486.3330334489854,0.7345,0.26549999999999996,-6.313897677468423,3.1861023225315774,0.41000000000000003,0.03474999999999997,Sacramento,0.31389767746842256,1,1,0.0,860.251739817565
104,105,1102,NewOrleans,100,375,Phoenix,112,-450,216.5,215.0,-11.5,-10.0,N100P112,-12,0.8182,0.2105,1544.1893763473563,1446.5707227722219,0.7195,0.28049999999999997,-5.843523341969087,4.156476658030913,0.3833,0.0487675,NewOrleans,-6.156476658030913,-1,-1,1.0,818.2994130960119
105,106,1102,Houston,117,450,LALakers,119,-600,219.0,219.5,-11.0,-11.0,H117L119,-2,0.8571,0.1818,1556.4036066029714,1394.3563484181554,0.788,0.21199999999999997,-8.144544935171998,2.8554550648280017,0.4192,0.029920000000000002,Houston,6.144544935171998,1,1,0.0,840.5571571322234
106,107,1103,Portland,104,-210,Cleveland,107,180,219.5,216.5,4.5,5.5,P104C107,-3,0.3571,0.6774,1443.1080070315952,1509.5901830807618,0.4993,0.5006999999999999,0.01722057318452081,-5.482779426815479,0.6523,-0.06745749999999996,,-3.0172205731845207,-1,-1,0.0,892.104324793357
107,108,1103,Boston,92,-300,Orlando,79,250,214.0,212.5,6.5,7.0,B92O79,13,0.2857,0.75,1377.1549703261971,1493.125369590535,0.4286,0.5714,1.7846571165834948,-5.215342883416505,0.6452,-0.06372999999999998,,11.215342883416506,1,1,1.0,835.2505161742764
108,109,1103,Toronto,109,140,Washington,100,-160,215.0,212.0,-3.0,-3.5,T109W100,9,0.6154,0.4167,1495.4815556617275,1490.1100126121585,0.6013,0.39870000000000005,-2.548983680341751,0.9510163196582488,0.4729,0.0017275000000000263,Toronto,11.54898368034175,1,1,0.0,836.5622391439956
109,110,1103,Chicago,98,120,Philadelphia,103,-140,217.5,215.5,-2.5,-2.5,C98P103,-5,0.5833,0.4545,1571.4382386412365,1548.0667602377243,0.6259,0.3741,-3.1918385144111476,-0.6918385144111476,0.5197,0.0,,-1.8081614855888524,-1,-1,0.0,836.5622391439956
110,111,1103,NewYork,98,-105,Indiana,111,-115,218.0,216.0,-0.0,-1.0,N98I111,-13,0.5349,0.5122,1479.8007479928065,1523.2648154410022,0.5324,0.4676,-0.804854733993011,0.195145266006989,0.49439999999999995,0.0,,-12.195145266006989,-1,-1,1.0,836.5622391439956
111,112,1103,Atlanta,108,165,Brooklyn,117,-185,218.0,221.0,-4.5,-4.5,A108B117,-9,0.6491,0.3774,1583.8010429208937,1539.2900456418586,0.6539,0.34609999999999996,-3.946821331394111,0.5531786686058888,0.48419999999999996,0.0,,-5.053178668605889,-1,-1,1.0,836.5622391439956
112,113,1103,Denver,106,-125,Memphis,108,105,213.5,215.5,-1.0,1.0,D106M108,-2,0.4878,0.5556,1518.006944368027,1543.7636422905962,0.5577,0.4423,-1.4372607884796724,-2.4372607884796724,0.5690999999999999,-0.02377749999999995,,-0.5627392115203276,-1,-1,0.0,854.6452924542195
113,114,1103,LAClippers,126,-140,Minnesota,115,120,215.5,212.5,-0.0,2.5,L126M115,11,0.4545,0.5833,1459.552420760101,1499.2495585757408,0.5378,0.46220000000000006,-0.9393879351557237,-3.4393879351557235,0.597,-0.038424999999999994,,11.939387935155723,1,1,1.0,821.8055470916662
114,115,1103,Dallas,109,-130,SanAntonio,108,110,216.0,217.0,1.0,2.0,D109S108,1,0.4762,0.5652,1415.7601743510781,1542.8350364403475,0.413,0.587,2.181245074616762,0.1812450746167622,0.4948,0.0,,-1.1812450746167622,-1,-1,1.0,821.8055470916662
115,116,1103,NewOrleans,99,190,Sacramento,112,-220,218.5,219.0,-5.5,-6.0,N99S112,-13,0.6875,0.3448,1481.023442616278,1440.9602459820132,0.6481,0.3519,-3.7879713083666013,2.2120286916333987,0.43720000000000003,0.02047,NewOrleans,-9.2120286916334,-1,-1,1.0,804.9831875426997
116,117,1103,Charlotte,92,200,GoldenState,114,-240,224.0,226.5,-6.0,-6.0,C92G114,-22,0.7059,0.3333,1570.5593880071874,1501.6007912526356,0.685,0.31499999999999995,-4.819949884091135,1.1800501159088652,0.46640000000000004,0.0051400000000000005,Charlotte,-17.180050115908866,-1,-1,1.0,800.8455739587303
117,118,1104,Philadelphia,109,-190,Detroit,98,170,208.5,207.5,5.5,4.5,P109D98,11,0.3704,0.6552,1375.6977583865846,1578.9211934690059,0.3122,0.6878,4.90083696722933,0.4008369672293304,0.48860000000000003,0.0,,6.09916303277067,1,1,0.0,800.8455739587303
118,119,1104,Utah,116,-120,Atlanta,98,100,220.5,218.5,-0.0,1.5,U116A98,18,0.5,0.5455,1532.3677095761286,1602.4317592508085,0.4942,0.5058,0.14514463123856558,-1.3548553687614344,0.5385,-0.007712499999999983,,17.854855368761434,1,1,1.0,794.6690524695736
119,120,1104,Boston,95,225,Miami,78,-265,215.0,213.5,-6.0,-6.5,B95M78,17,0.726,0.3077,1590.2304320863461,1501.6969418260649,0.7088,0.2912,-5.519053223581474,0.9809467764185262,0.47209999999999996,0.002147499999999991,Boston,22.519053223581473,1,1,0.0,796.2204631879175
120,121,1104,Houston,111,500,Phoenix,123,-700,217.5,220.0,-10.5,-11.5,H111P123,-12,0.875,0.1667,1549.799853137565,1390.1157928561815,0.7857,0.21430000000000005,-8.060145010049407,3.439854989950593,0.403,0.038424999999999994,Houston,-3.939854989950593,-1,-1,1.0,765.6256918899218
121,122,1104,OklahomaCity,107,475,LALakers,104,-650,217.5,214.0,-13.0,-10.5,O107L104,3,0.8667,0.1739,1560.6441621649453,1374.3769963928455,0.8103,0.18969999999999998,-9.00954163471785,1.4904583652821497,0.4576,0.00975999999999998,OklahomaCity,12.00954163471785,1,1,0.0,772.4188798470542
122,123,1105,SanAntonio,102,-170,Orlando,89,150,212.0,213.0,5.0,4.0,S102O89,13,0.4,0.6296,1368.5833980906673,1407.5001643660294,0.5389,0.46109999999999995,-0.9672583473084971,-4.967258347308497,0.6386000000000001,-0.06026500000000006,,13.967258347308498,1,1,1.0,725.8690560530714
123,124,1105,Brooklyn,96,-500,Detroit,90,400,212.0,210.5,9.5,9.5,B96D90,6,0.2,0.8333,1369.4540482706575,1590.7233789866236,0.2903,0.7097,5.545333239855934,-3.9546667601440664,0.6112,-0.04588000000000001,,0.4546667601440664,1,-1,0.0,756.144394500085
124,125,1105,Memphis,87,120,Washington,115,-140,225.0,220.5,-0.0,-2.5,M87W115,-28,0.5833,0.4545,1483.4557335287236,1526.8538014580752,0.5325,0.4675,-0.8072118596660159,1.6927881403339842,0.45189999999999997,0.01275249999999999,Memphis,-27.192788140333985,-1,-1,1.0,746.5016631092227
125,126,1105,NewYork,113,145,Milwaukee,98,-165,217.5,217.0,-5.5,-3.5,N113M98,15,0.6226,0.4082,1553.1598519022216,1513.9125435816472,0.647,0.353,-3.7588324400205124,-0.2588324400205124,0.5074000000000001,0.0,,18.758832440020512,1,1,1.0,746.5016631092227
126,127,1105,Cleveland,102,195,Toronto,101,-230,212.5,204.0,-6.0,-6.0,C102T101,1,0.697,0.339,1502.1358347451624,1453.121885164973,0.6597,0.34030000000000005,-4.107641056435333,1.892358943564667,0.44620000000000004,0.015745,Cleveland,5.107641056435333,1,1,0.0,757.1868164598179
127,128,1105,LAClippers,104,-140,Minnesota,84,120,215.5,215.5,3.0,2.5,L104M84,20,0.4545,0.5833,1448.7968065440334,1510.0051727918085,0.5069,0.4931,-0.1711297768651759,-2.671129776865176,0.5757,-0.0272425,,20.171129776865175,1,1,1.0,736.5591546124114
128,129,1105,NewOrleans,85,390,GoldenState,126,-480,219.5,213.5,-3.0,-9.5,N85G126,-41,0.8276,0.2041,1576.8592243075707,1433.9215657708764,0.769,0.23099999999999998,-7.462059233453366,2.037940766546634,0.44210000000000005,0.017897499999999955,NewOrleans,-33.53794076654663,-1,-1,1.0,723.3765871427357
129,130,1105,Charlotte,110,115,Sacramento,140,-135,228.0,232.0,-3.0,-2.0,C110S140,-30,0.5745,0.4651,1488.062122827415,1495.3009549522524,0.5838,0.4162,-2.0986131383986617,-0.0986131383986617,0.5028,0.0,,-27.90138686160134,-1,-1,0.0,723.3765871427357
130,131,1105,Indiana,106,180,Portland,110,-210,224.0,222.5,-4.5,-6.0,I106P110,-4,0.6774,0.3571,1499.576304947384,1489.1530198521614,0.6082,0.39180000000000004,-2.729403039115092,3.270596960884908,0.40759999999999996,0.03601000000000004,Indiana,-1.270596960884908,-1,1,0.0,747.057306145472
131,132,1106,Houston,94,500,Denver,95,-700,218.0,215.0,-10.5,-11.5,H94D95,-1,0.875,0.1667,1534.916785200548,1385.8296034125826,0.7752,0.2248,-7.681685063855907,3.818314936144093,0.39249999999999996,0.04393749999999998,Houston,6.681685063855907,1,1,0.0,776.8971519534417
132,133,1106,Utah,115,-110,Miami,118,-110,212.5,212.0,-3.5,-0.0,U115M118,-3,0.5238,0.5238,1576.0544188987346,1612.3147918330212,0.5427,0.45730000000000004,-1.0621295380611937,-1.0621295380611937,0.5302,-0.003354999999999997,,-1.9378704619388063,-1,-1,0.0,779.2666882668997
133,134,1106,Philadelphia,114,150,Chicago,105,-170,211.5,215.0,-3.0,-4.0,P114C105,9,0.6296,0.4,1540.583805409955,1585.164903584933,0.5308,0.46919999999999995,-0.7649607794650706,3.2350392205349294,0.40859999999999996,0.03548500000000006,Philadelphia,9.76496077946507,1,1,0.0,804.4051232061279
134,135,1106,Boston,104,140,Dallas,107,-160,213.0,211.0,-5.5,-3.5,B104D107,-3,0.6154,0.4167,1551.0950464253963,1515.8729550136763,0.6417,0.35829999999999995,-3.615074693275712,-0.11507469327571185,0.5033000000000001,0.0,,0.6150746932757118,1,1,1.0,804.4051232061279
135,136,1106,Atlanta,117,145,Phoenix,121,-165,222.0,222.0,-5.0,-3.0,A117P121,-4,0.6226,0.4082,1554.0860425811638,1522.4846769939159,0.6369,0.3631,-3.485763056687428,-0.48576305668742803,0.5138,0.0,,-0.514236943312572,-1,-1,0.0,804.4051232061279
136,137,1106,LALakers,90,180,Portland,105,-205,218.5,223.5,-5.0,-5.5,L90P105,-15,0.6721,0.3571,1507.4114684469666,1544.4375293164146,0.5416,0.45840000000000003,-1.0347835403768582,4.465216459623142,0.3749,0.053177499999999996,LALakers,-13.965216459623141,-1,-1,1.0,761.628869766834
137,138,1107,Brooklyn,116,-155,Toronto,103,135,211.0,210.0,4.0,3.5,B116T103,13,0.4255,0.6078,1488.9413143294898,1596.5298955431551,0.4404,0.5596,1.4853064719166176,-2.0146935280833826,0.5571999999999999,-0.01752999999999994,,11.514693528083383,1,1,1.0,748.2775156798215
138,139,1107,Indiana,94,120,Sacramento,91,-140,223.0,225.0,-2.0,-2.5,I94S91,3,0.5833,0.4545,1496.3867840812284,1481.3178563525787,0.6146,0.38539999999999996,-2.8953188474517737,-0.3953188474517737,0.5113,0.0,,5.895318847451774,1,1,1.0,748.2775156798215
139,140,1107,Cleveland,126,260,NewYork,109,-310,209.0,207.5,-7.5,-7.5,C126N109,17,0.7561,0.2778,1526.8524246830036,1466.3164055806456,0.6745,0.3255,-4.519143539369931,2.9808564606300694,0.41569999999999996,0.031757500000000015,Cleveland,21.51914353936993,1,1,0.0,769.8806276836415
140,141,1107,Utah,100,-700,Orlando,107,500,212.0,211.0,11.5,11.0,U100O107,-7,0.1667,0.875,1357.8054550444401,1603.1686826573853,0.2626,0.7374,6.405829557605183,-4.594170442394817,0.6286,-0.05501500000000001,,-13.405829557605184,-1,-1,0.0,808.3851574400193
141,142,1107,Milwaukee,94,-115,Washington,101,-105,221.5,219.5,3.0,1.0,M94W101,-7,0.5122,0.5349,1492.8061137624077,1540.2199708008652,0.5267,0.47330000000000005,-0.663790820055088,-1.663790820055088,0.5473,-0.012332500000000024,,-6.336209179944912,-1,-1,0.0,817.4482573983184
142,143,1107,SanAntonio,94,-165,OklahomaCity,99,145,212.0,213.5,5.5,3.5,S94O99,-5,0.4082,0.6226,1390.5836292413762,1418.2781074122565,0.5549,0.44510000000000005,-1.3680543510399892,-4.868054351039989,0.636,-0.05890000000000002,,-3.631945648960011,-1,-1,0.0,861.2188959081011
143,144,1107,Houston,107,650,GoldenState,120,-1000,222.0,218.5,-13.0,-13.0,H107G120,-13,0.9091,0.1333,1581.4789806418244,1381.3344098721454,0.8223,0.17769999999999997,-9.505163241774246,3.4948367582257536,0.4014,0.03926499999999999,Houston,-3.4948367582257536,-1,1,0.0,891.9604958606752
144,145,1107,Charlotte,106,210,LAClippers,120,-250,224.0,224.5,-6.0,-6.0,C106L120,-14,0.7143,0.3226,1520.1430783541553,1486.976293698439,0.639,0.361,-3.5416708805612984,2.4583291194387016,0.4303,0.024092500000000017,Charlotte,-10.458329119438702,-1,-1,1.0,870.4709376141519
145,146,1108,NewYork,103,-125,Philadelphia,96,105,210.0,213.5,-4.5,2.0,N103P96,7,0.4878,0.5556,1595.780609327465,1513.3633439086761,0.7015,0.2985,-5.3006166220996045,-7.3006166220996045,0.6990000000000001,-0.09197500000000003,,12.300616622099604,1,1,1.0,790.4093731270902
146,147,1108,Brooklyn,95,100,Chicago,118,-120,215.0,216.5,-1.5,-0.0,B95C118,-23,0.5455,0.5,1529.9680996674228,1605.338564507023,0.4865,0.5135000000000001,0.33465945855714707,0.33465945855714707,0.49050000000000005,0.0,,-23.334659458557148,-1,-1,1.0,790.4093731270902
147,148,1108,Minnesota,118,165,Memphis,125,-185,218.5,221.0,-6.0,-4.5,M118M125,-7,0.6491,0.3774,1517.503421224391,1438.6589009816867,0.6972,0.30279999999999996,-5.1730185800965875,-0.6730185800965875,0.5192,0.0,,-1.8269814199034125,-1,-1,0.0,790.4093731270902
148,149,1108,NewOrleans,92,330,Dallas,108,-400,210.5,210.5,-9.0,-9.0,N92D108,-16,0.8,0.2326,1558.261364103743,1429.3018094366228,0.7544,0.24560000000000004,-6.962841238111439,2.037158761888561,0.44220000000000004,0.017844999999999944,NewOrleans,-9.037158761888561,-1,-1,1.0,776.3045178636373
149,150,1108,Miami,96,-125,Denver,113,105,208.5,203.0,-0.0,1.5,M96D113,-17,0.4878,0.5556,1539.4119787409852,1585.2005280743706,0.5291,0.4709,-0.7218375238076646,-2.2218375238076646,0.563,-0.02057499999999996,,-16.278162476192335,-1,-1,0.0,790.8249410045867
150,151,1108,Atlanta,113,140,GoldenState,127,-160,223.0,222.0,-3.5,-3.5,A113G127,-14,0.6154,0.4167,1585.0328557195214,1515.2222341037136,0.6861,0.31389999999999996,-4.850379343421707,-1.3503793434217073,0.5384,-0.007659999999999972,,-9.149620656578293,-1,-1,0.0,796.3319583210367
151,152,1108,Phoenix,109,-155,Sacramento,104,135,222.5,224.0,3.0,3.5,P109S104,5,0.4255,0.6078,1484.0948770871248,1561.348485471366,0.4838,0.5162,0.4019145851514736,-3.0980854148485264,0.5876,-0.03349000000000001,,4.598085414848526,1,1,1.0,769.6628010368652
152,153,1108,Charlotte,123,115,LALakers,126,-135,224.5,225.5,-2.5,-2.5,C123L126,-3,0.5745,0.4651,1535.2695384756732,1479.7554789392505,0.6681,0.3319,-4.339787840586529,-1.8397878405865287,0.5523,-0.014957499999999957,,1.3397878405865287,1,-1,0.0,780.1284658973278
153,154,1109,Milwaukee,118,-280,Philadelphia,109,240,222.5,215.0,6.5,6.5,M118P109,9,0.2941,0.7368,1581.7509967601811,1530.7544132830487,0.6623,0.3377,-4.178449409897586,-10.678449409897585,0.7772,-0.13302999999999998,,13.178449409897585,1,1,1.0,676.3479760790063
154,156,1109,Portland,109,125,LAClippers,117,-145,222.5,220.0,-3.5,-3.0,P109L117,-8,0.5918,0.4444,1527.3638931133437,1516.579459287708,0.6087,0.3913,-2.7423012080584175,0.2576987919415825,0.4927,0.0,,-5.257698791941582,-1,-1,1.0,676.3479760790063
155,157,1110,Washington,97,-160,Cleveland,94,140,213.5,208.5,3.0,3.5,W97C94,3,0.4167,0.6154,1479.805486354973,1502.2716712802242,0.5623,0.4377,-1.5547791098124597,-5.0547791098124595,0.641,-0.06152500000000002,,4.5547791098124595,1,-1,0.0,714.177348104698
156,158,1110,Brooklyn,123,-500,Orlando,90,400,212.0,211.0,9.0,10.0,B123O90,33,0.2,0.8333,1372.553451990333,1595.0689262240292,0.2889,0.7111000000000001,5.589838365489145,-4.410161634510855,0.6235999999999999,-0.05238999999999996,,27.410161634510857,1,1,1.0,676.7615968374929
157,159,1110,Toronto,88,145,Boston,104,-165,212.0,206.0,-2.0,-3.0,T88B104,-16,0.6226,0.4082,1508.7066373353296,1480.132645365622,0.6328,0.36719999999999997,-3.377642570346698,-0.3776425703466981,0.5107999999999999,0.0,,-12.622357429653302,-1,-1,0.0,676.7615968374929
158,160,1110,Milwaukee,112,140,NewYork,100,-160,218.0,216.0,-1.5,-3.5,M112N100,12,0.6154,0.4167,1527.39295647596,1544.0000812555236,0.5706,0.4294,-1.7640312578727324,1.7359687421272676,0.4507,0.013382499999999997,Milwaukee,13.764031257872732,1,1,0.0,684.9950169008363
159,161,1110,Detroit,112,120,Houston,104,-140,210.5,211.5,-3.5,-2.5,D112H104,8,0.5833,0.4545,1377.7805347944484,1363.647531714126,0.6133,0.38670000000000004,-2.8618929671543714,-0.36189296715437136,0.5103,0.0,,10.861892967154372,1,1,1.0,684.9950169008363
160,162,1110,Charlotte,118,170,Memphis,108,-190,226.5,228.0,-4.0,-4.5,C118M108,10,0.6552,0.3704,1523.5602982594942,1473.116977840666,0.6616,0.33840000000000003,-4.158690014958146,0.34130998504185417,0.49029999999999996,0.0,,14.158690014958147,1,1,0.0,684.9950169008363
161,163,1110,OklahomaCity,108,160,NewOrleans,100,-180,211.0,208.5,-4.5,-4.0,O108N100,8,0.6429,0.3846,1424.3900276040392,1399.4855533300608,0.6279,0.3721,-3.2465883669277997,0.7534116330722003,0.47850000000000004,0.0,,11.2465883669278,1,1,0.0,684.9950169008363
162,164,1110,Dallas,107,145,Chicago,117,-165,214.0,215.0,-3.0,-3.5,D107C117,-10,0.6226,0.4082,1540.2377379504167,1563.1731459363266,0.5617,0.4383,-1.5380211433603594,1.9619788566396406,0.44430000000000003,0.016742499999999962,Dallas,-8.461978856639641,-1,-1,1.0,673.5264878303741
163,165,1110,Sacramento,117,-105,SanAntonio,136,-115,222.5,222.5,-1.5,-1.0,S117S136,-19,0.5349,0.5122,1409.376183323572,1474.4186687467275,0.5014,0.49860000000000004,-0.034196949173016425,0.9658030508269836,0.47250000000000003,0.0019374999999999477,Sacramento,-18.965803050826985,-1,-1,1.0,672.2215302602028
164,166,1110,Portland,109,180,Phoenix,119,-210,221.0,225.0,-6.0,-5.0,P109P119,-10,0.6774,0.3571,1571.0246938117634,1508.754201102416,0.6766,0.3234,-4.58108902533384,0.4189109746661597,0.4881,0.0,,-5.41891097466616,-1,-1,1.0,672.2215302602028
165,167,1110,Indiana,98,-150,Denver,101,130,213.0,205.0,3.0,3.0,I98D101,-3,0.4348,0.6,1548.830901759507,1493.6097633466823,0.6677,0.33230000000000004,-4.329326371886599,-7.329326371886599,0.6997,-0.09234249999999998,,1.3293263718865989,1,-1,0.0,728.6529999493417
166,168,1110,Minnesota,110,265,GoldenState,123,-320,220.0,222.5,-8.0,-7.5,M110G123,-13,0.7619,0.274,1591.3115455333816,1432.6020239465836,0.7847,0.21530000000000005,-8.025340056671357,-0.5253400566713573,0.515,0.0,,-4.974659943328643,-1,-1,0.0,728.6529999493417
167,169,1110,Miami,117,-220,LALakers,120,190,215.0,215.0,3.0,5.5,M117L120,-3,0.3448,0.6875,1541.9080395742576,1575.7816050558488,0.5461,0.45389999999999997,-1.1473726613717434,-6.647372661371744,0.6825,-0.08331250000000001,,-1.8526273386282566,-1,-1,0.0,783.8401845477777
168,170,1111,Toronto,115,155,Philadelphia,109,-175,213.5,212.0,-2.0,-4.0,T115P109,6,0.6364,0.3922,1568.5053287877063,1472.7894070505101,0.7173,0.28269999999999995,-5.77556863347129,-1.7755686334712903,0.5505,-0.014012500000000006,,11.775568633471291,1,1,1.0,772.8566239618019
169,171,1111,Indiana,111,425,Utah,100,-550,219.5,215.0,-9.0,-10.5,I111U100,11,0.8462,0.1905,1588.4206857114923,1486.963781851895,0.7239,0.2761,-5.980603709271334,4.519396290728666,0.37339999999999995,0.05396499999999998,Indiana,16.980603709271335,1,1,0.0,810.772267336437
170,172,1111,Miami,109,190,LAClippers,112,-220,214.5,211.5,-2.5,-5.5,M109L112,-3,0.6875,0.3448,1535.1891512986358,1566.7036517719828,0.5495,0.4505,-1.231624983094751,4.2683750169052495,0.3802,0.05039499999999997,Miami,-1.768375016905249,-1,1,0.0,847.9166931659095
171,173,1112,NewYork,96,-135,Charlotte,104,115,225.5,225.0,-0.0,2.5,N96C104,-8,0.4651,0.5745,1486.3483917788499,1515.9808158758722,0.5521,0.44789999999999996,-1.298841996534918,-3.798841996534918,0.6069,-0.04362250000000003,,-6.701158003465082,-1,-1,0.0,881.5423713001185
172,174,1112,Detroit,78,165,Cleveland,98,-185,204.0,200.0,-5.0,-4.5,D78C98,-20,0.6491,0.3774,1468.5589989790446,1375.9138999391319,0.7137,0.2863,-5.6658963942825995,-1.1658963942825995,0.5332,-0.004930000000000018,,-14.3341036057174,-1,-1,0.0,885.4932839278545
173,175,1112,Milwaukee,113,175,Boston,122,-200,216.0,209.0,2.0,-5.5,M113B122,-9,0.6667,0.3636,1516.0498756504414,1555.4122218556115,0.5383,0.4617,-0.9513447783867832,4.548655221613217,0.37260000000000004,0.05438499999999994,Milwaukee,-8.048655221613217,-1,-1,1.0,837.3357316814381
174,176,1112,Portland,104,-300,Houston,92,250,223.5,222.5,6.5,7.0,P104H92,12,0.2857,0.75,1365.5141665694425,1502.2870500732756,0.3995,0.6005,2.5276029822797534,-4.472397017720247,0.6253,-0.053282499999999955,,9.472397017720247,1,1,1.0,792.720390558122
175,177,1112,Brooklyn,120,-430,NewOrleans,112,360,211.5,214.5,7.5,9.5,B120N112,8,0.2174,0.8113,1411.8317008096349,1600.8459277083853,0.33,0.6699999999999999,4.393365246383943,-5.106634753616057,0.6424000000000001,-0.062260000000000044,,3.6066347536160572,1,-1,0.0,837.5883646637117
176,178,1112,Phoenix,119,-135,Memphis,94,115,222.0,222.5,-1.0,2.0,P119M94,25,0.4651,0.5745,1510.3288843213104,1577.4918448409037,0.4983,0.5017,0.04153430427118922,-1.9584656957288107,0.5556,-0.01668999999999995,,24.958465695728812,1,1,1.0,823.6090148574743
177,179,1112,Sacramento,103,-200,OklahomaCity,105,175,217.5,218.5,4.5,5.0,S103O105,-2,0.3636,0.6667,1412.0438801244652,1464.446228161841,0.5196,0.48040000000000005,-0.48563042723658,-5.48563042723658,0.6524,-0.06750999999999997,,-1.51436957276342,-1,-1,0.0,874.1561463056817
178,180,1112,Dallas,123,-145,SanAntonio,109,125,217.5,220.0,1.5,2.5,D123S109,14,0.4444,0.5918,1419.3486239084584,1554.4063355928593,0.4019,0.5981000000000001,2.4663468458714584,-0.03365315412854164,0.501,0.0,,11.533653154128542,1,1,1.0,874.1561463056817
179,181,1112,Atlanta,96,140,Denver,105,-160,215.5,214.5,-4.5,-3.0,A96D105,-9,0.6154,0.4167,1555.4768832542943,1508.9435442898534,0.6565,0.3435,-4.019047820158603,-1.0190478201586028,0.529,-0.0027249999999999887,,-4.980952179841397,-1,-1,0.0,876.3216694863025
180,182,1112,Chicago,93,190,GoldenState,119,-220,221.5,222.0,-4.5,-5.5,C93G119,-26,0.6875,0.3448,1595.61665724212,1549.004548293884,0.6566,0.34340000000000004,-4.021861033865572,1.478138966134428,0.45799999999999996,0.009549999999999998,Chicago,-21.978138966134427,-1,-1,1.0,867.9527975427084
181,183,1112,Minnesota,107,105,LALakers,83,-125,226.0,223.5,-4.5,-0.0,M107L83,24,0.5556,0.4878,1550.9859928581236,1428.2969122378452,0.7477,0.25229999999999997,-6.738895736438516,-6.738895736438516,0.6849000000000001,-0.08457250000000002,,30.738895736438515,1,1,1.0,794.5478595725276
182,184,1113,Miami,111,290,Utah,105,-350,213.5,212.0,-7.5,-9.0,M111U105,6,0.7778,0.2564,1573.9424087615953,1557.6929774223174,0.6162,0.38380000000000003,-2.937479690688495,6.062520309311505,0.3325,0.07543750000000003,Miami,8.937479690688495,1,1,0.0,849.0375906238936
183,185,1113,Washington,104,-210,Orlando,92,180,204.5,203.0,2.0,5.0,W104O92,12,0.3571,0.6774,1366.776450505977,1513.5181586561525,0.3859,0.6141,2.8836324339348414,-2.1163675660651586,0.5601,-0.01905250000000001,,9.116367566065158,1,1,1.0,832.8613019285318
184,186,1113,Philadelphia,113,160,Indiana,118,-180,217.5,214.0,-2.5,-4.5,P113I118,-5,0.6429,0.3846,1501.442058801792,1554.160124621163,0.5191,0.4809,-0.4743547921653187,4.025645207834681,0.38680000000000003,0.046929999999999986,Philadelphia,-4.525645207834681,-1,-1,1.0,793.7751210290259
185,187,1113,Memphis,101,-160,NewOrleans,112,140,221.5,218.5,-7.0,3.5,M101N112,-11,0.4167,0.6154,1405.2314432467379,1500.3623568907512,0.4582,0.5418000000000001,1.0403897730004783,-2.459610226999522,0.5697,-0.024092500000000017,,-12.040389773000479,-1,-1,0.0,811.1606002139275
186,188,1113,Detroit,127,280,Toronto,121,-340,201.5,203.0,-9.5,-7.5,D127T121,6,0.7727,0.2632,1487.1346112170534,1370.1871320538053,0.7414,0.25860000000000005,-6.533838541544575,0.9661614584554252,0.47250000000000003,0.0019374999999999477,Detroit,12.533838541544576,1,1,0.0,812.5893489983952
187,189,1113,Boston,89,115,Cleveland,91,-135,202.5,202.0,3.5,-2.0,B89C91,-2,0.5745,0.4651,1474.2857668643712,1525.2846810752123,0.5216,0.47840000000000005,-0.5357530638985314,1.4642469361014685,0.45840000000000003,0.009340000000000015,Boston,-1.4642469361014685,-1,1,0.0,819.4889712889816
188,190,1113,Minnesota,102,235,LAClippers,129,-275,222.5,221.0,-7.5,-7.0,M102L129,-27,0.7333,0.2985,1544.1998256483012,1443.2501526720707,0.7233,0.27669999999999995,-5.962488320579658,1.0375116794203416,0.47050000000000003,0.002987499999999982,Minnesota,-21.03751167942034,-1,-1,1.0,817.0407479872558
189,191,1114,SanAntonio,106,120,LALakers,114,-140,223.0,219.5,-2.5,-2.0,S106L114,-8,0.5833,0.4545,1536.032752423898,1411.3104964178094,0.7499,0.2501,-6.811509143074594,-4.811509143074594,0.6345000000000001,-0.05811250000000004,,-1.188490856925406,-1,-1,0.0,860.2046393212644
190,192,1114,Milwaukee,100,110,Atlanta,120,-130,219.0,224.0,-0.0,-2.0,M100A120,-20,0.5652,0.4762,1502.0738076346327,1546.1774164308406,0.5315,0.4685,-0.7820139715640023,1.2179860284359978,0.46530000000000005,0.005717499999999998,Milwaukee,-19.217986028436,-1,-1,1.0,855.286419295945
191,193,1114,GoldenState,102,-210,Charlotte,106,180,224.0,227.5,4.0,5.5,G102C106,-4,0.3571,0.6774,1495.3054550738439,1602.4843490110857,0.441,0.5589999999999999,1.4706747834729217,-4.029325216527078,0.6133,-0.046982499999999996,,-5.470674783472922,-1,-1,0.0,891.8168685637376
192,194,1114,Phoenix,115,-380,Houston,89,320,223.0,221.5,9.0,8.5,P115H89,26,0.2381,0.7917,1357.5234592867464,1587.4583722714628,0.2802,0.7198,5.85481832088273,-2.64518167911727,0.5749,-0.02682249999999997,,20.14518167911727,1,1,1.0,867.8961106066868
193,195,1114,Brooklyn,120,-400,OklahomaCity,96,330,212.0,215.5,9.5,9.0,B120O96,24,0.2326,0.8,1421.6527079422347,1607.4461852712823,0.3341,0.6658999999999999,4.278338476037415,-4.721661523962585,0.632,-0.05680000000000001,,19.721661523962585,1,1,1.0,818.5996115242269
194,196,1114,Portland,95,210,Denver,124,-250,217.0,208.0,-4.0,-6.0,P95D124,-29,0.7143,0.3226,1562.346619909515,1510.2777573559717,0.6637,0.33630000000000004,-4.216745091197977,1.7832549088020233,0.44930000000000003,0.014117499999999967,Portland,-24.78325490880202,-1,-1,1.0,807.0430315085337
195,197,1114,Chicago,100,145,LAClippers,90,-165,221.0,219.0,-6.0,-3.5,C100L90,10,0.6226,0.4082,1549.7332277241042,1542.1368565249184,0.6044,0.39559999999999995,-2.62844182854235,0.8715581714576501,0.47519999999999996,0.0,,12.62844182854235,1,1,0.0,807.0430315085337
196,198,1115,NewOrleans,100,150,Washington,105,-170,213.5,208.5,-2.5,-4.5,N100W105,-5,0.6296,0.4,1521.2351770031087,1416.0679390507278,0.7282,0.27180000000000004,-6.113115641156461,-1.6131156411564609,0.5459,-0.011597499999999995,,1.1131156411564609,1,-1,0.0,815.5518329248248
197,199,1115,Boston,98,-170,Cleveland,92,150,199.0,199.0,1.5,4.0,B98C92,6,0.4,0.6296,1483.8542690100073,1515.7161789295762,0.549,0.45099999999999996,-1.2192175028725387,-5.219217502872539,0.6454,-0.06383499999999995,,7.219217502872539,1,1,1.0,763.4910816700686
198,200,1115,Sacramento,129,-180,Detroit,107,160,213.0,214.0,4.5,4.0,S129D107,22,0.3846,0.6429,1385.014643219521,1454.8374003440715,0.4945,0.5055000000000001,0.13652704016251554,-3.8634729598374844,0.6087,-0.04456749999999998,,21.863472959837484,1,1,1.0,729.4641928877379
199,201,1115,Indiana,84,130,NewYork,92,-150,217.0,211.0,-3.0,-3.0,I84N92,-8,0.6,0.4348,1507.0237525808782,1511.059960123153,0.5882,0.41180000000000005,-2.212992587775903,0.7870074122240971,0.4776,0.0,,-5.7870074122240975,-1,-1,1.0,729.4641928877379
200,202,1115,Orlando,111,450,Atlanta,129,-600,214.0,215.0,-11.0,-10.5,O111A129,-18,0.8571,0.1818,1511.4444119098403,1359.0594321590208,0.7785,0.22150000000000003,-7.799463562529264,2.7005364374707357,0.4235,0.027662500000000024,Orlando,-10.200536437470735,-1,-1,1.0,709.2853896519808
201,203,1115,Houston,102,525,Memphis,136,-750,221.0,219.0,-11.0,-11.5,H102M136,-34,0.8824,0.16,1489.5258610867613,1351.92032834082,0.7635,0.23650000000000004,-7.2716261694979005,4.2283738305020995,0.3813,0.04981749999999997,Houston,-26.7283738305021,-1,-1,1.0,673.9505647529933
202,204,1115,Denver,101,180,Dallas,111,-210,209.0,209.0,-4.0,-5.5,D101D111,-10,0.6774,0.3571,1562.4444630835083,1569.0733681677968,0.5846,0.4154,-2.120396246989693,3.379603753010307,0.40459999999999996,0.037585,Denver,-7.879603753010307,-1,-1,1.0,648.620132776752
203,205,1115,Phoenix,99,-170,Minnesota,96,150,223.0,222.0,3.0,4.0,P99M96,3,0.4,0.6296,1437.7167505962677,1593.0615032173891,0.3742,0.6258,3.1908840221829076,-0.8091159778170924,0.523,0.0,,-0.19088402218290756,-1,-1,0.0,648.620132776752
204,206,1115,Miami,103,-265,OklahomaCity,90,225,210.5,207.0,9.0,6.5,M103O90,13,0.3077,0.726,1414.9702074841878,1570.017052078234,0.3746,0.6254,3.1802444497873643,-3.3197555502126357,0.5937,-0.0366925,,9.819755550212635,1,1,1.0,624.820638554841
205,207,1115,Toronto,113,130,Portland,118,-150,212.5,216.5,-1.5,-3.0,T113P118,-5,0.6,0.4348,1503.55100909769,1472.3071000513376,0.6364,0.36360000000000003,-3.472996751655444,-0.47299675165544386,0.5135000000000001,0.0,,-1.5270032483445561,-1,-1,0.0,624.820638554841
206,208,1115,Chicago,121,-125,LALakers,103,105,219.0,216.0,-1.0,2.0,C121L103,18,0.4878,0.5556,1541.0354781554215,1554.224005967917,0.5754,0.4246,-1.8861240066965885,-3.8861240066965888,0.6093,-0.04488249999999993,,19.886124006696587,1,1,1.0,596.7771262449035
207,209,1116,GoldenState,117,125,Brooklyn,99,-145,220.5,223.5,-3.5,-2.5,G117B99,18,0.5918,0.4444,1614.1286857293292,1591.3046439937723,0.6251,0.3749,-3.172287204841317,-0.6722872048413171,0.5192,0.0,,21.172287204841318,1,1,1.0,596.7771262449035
208,210,1116,Philadelphia,85,450,Utah,120,-600,217.0,216.5,-9.0,-11.5,P85U120,-35,0.8571,0.1818,1561.6183341056787,1544.5422232998021,0.6173,0.38270000000000004,-2.9670039573527367,8.532996042647262,0.2711,0.10767249999999999,Philadelphia,-32.03299604264726,-1,-1,1.0,532.5206411192991
209,211,1116,SanAntonio,92,250,LAClippers,106,-300,218.5,221.5,-6.5,-8.0,S92L106,-14,0.75,0.2857,1537.6460782811055,1406.307770686286,0.7569,0.24309999999999998,-7.047796699814983,0.9522033001850172,0.4729,0.0017275000000000263,SanAntonio,-6.952203300185017,-1,-1,1.0,531.6007117117655
210,212,1117,Indiana,89,-265,Detroit,97,225,210.0,206.0,6.5,6.5,I89D97,-8,0.3077,0.726,1375.1246665743195,1502.8247498993246,0.4121,0.5879,2.2035744044644696,-4.29642559553553,0.6205,-0.050762500000000044,,-10.203574404464469,-1,-1,0.0,556.1328763738278
211,213,1117,Washington,87,100,Charlotte,97,-120,215.0,220.5,-2.5,-1.0,W87C97,-10,0.5455,0.5,1506.4851600911572,1526.6719347227795,0.5656,0.4344,-1.636186620299205,-0.636186620299205,0.5181,0.0,,-8.363813379700796,-1,-1,0.0,556.1328763738278
212,214,1117,NewOrleans,98,235,Miami,113,-275,220.0,210.5,-8.5,-6.5,N98M113,-15,0.7333,0.2985,1577.5087607019366,1410.631181331057,0.7926,0.20740000000000003,-8.317056406102845,-1.8170564061028447,0.5516,-0.014590000000000004,,-6.682943593897155,-1,-1,0.0,563.5092206159134
213,215,1117,Orlando,104,525,NewYork,98,-750,210.0,207.0,-11.5,-11.5,O104N98,6,0.8824,0.16,1515.2589628047065,1354.6300480604439,0.7866,0.21340000000000003,-8.093889812295092,3.4061101877049076,0.40390000000000004,0.03795249999999996,Orlando,14.093889812295092,1,1,0.0,582.9515694299365
214,216,1117,Cleveland,99,450,Brooklyn,109,-600,207.0,206.5,-13.0,-9.5,C99B109,-10,0.8571,0.1818,1601.62640463892,1472.874845714454,0.7542,0.24580000000000002,-6.955412818730922,2.544587181269078,0.42789999999999995,0.025352500000000035,Cleveland,-3.044587181269078,-1,-1,1.0,568.172289765964
215,217,1117,Boston,99,175,Atlanta,110,-200,215.0,216.5,-6.0,-5.0,B99A110,-11,0.6667,0.3636,1515.8737960084172,1526.6956022251295,0.5787,0.4213,-1.9706497779745615,3.0293502220254385,0.4143,0.03249249999999999,Boston,-9.029350222025439,-1,-1,1.0,549.7109516407435
216,218,1117,LALakers,102,350,Milwaukee,109,-420,214.5,223.0,-7.5,-9.0,L102M109,-7,0.8077,0.2222,1536.806812155633,1529.5270414717454,0.6039,0.3961,-2.6171346672816997,6.3828653327183,0.32420000000000004,0.07979499999999995,LALakers,-4.3828653327183,-1,1,0.0,589.5874838099918
217,219,1117,Houston,89,130,OklahomaCity,101,-150,213.5,214.5,-3.5,-3.0,H89O101,-12,0.6,0.4348,1407.4784988604852,1347.1906271546216,0.6741,0.32589999999999997,-4.510281132352271,-1.5102811323522713,0.5429999999999999,-0.010074999999999923,,-7.489718867647729,-1,-1,0.0,594.9875691730697
218,220,1117,Sacramento,97,125,Minnesota,107,-145,224.5,228.0,-3.0,-2.5,S97M107,-10,0.5918,0.4444,1430.2330752593812,1464.7273769892731,0.5452,0.4548,-1.1252035096467157,1.3747964903532843,0.4609,0.008027499999999988,Sacramento,-8.874796490353285,-1,-1,1.0,590.2113064615329
219,221,1117,Dallas,98,300,Phoenix,105,-360,220.0,212.0,-5.5,-8.0,D98P105,-7,0.7826,0.25,1600.5451785542757,1570.7520669899768,0.6345,0.36550000000000005,-3.421182555867818,4.5788174441321825,0.3718,0.05480500000000003,Dallas,-3.578817444132182,-1,1,0.0,619.6172434166459
220,222,1117,Chicago,107,140,Portland,112,-160,221.5,221.5,-3.0,-3.5,C107P112,-5,0.6154,0.4167,1510.8229720549657,1565.7324426515931,0.516,0.484,-0.3960903358347342,3.1039096641652657,0.4123,0.033542500000000024,Chicago,-4.603909664165266,-1,-1,1.0,598.8337320293431
221,223,1118,Washington,97,225,Miami,112,-265,210.0,206.5,-7.0,-6.5,W97M112,-15,0.726,0.3077,1581.6571495788094,1517.98295574905,0.6784,0.3216,-4.631221208205692,1.8687787917943082,0.44689999999999996,0.015377500000000044,Washington,-10.368778791794309,-1,-1,1.0,589.6251663150618
222,224,1118,GoldenState,104,-500,Cleveland,89,400,208.0,208.5,8.5,10.0,G104C89,15,0.2,0.8333,1467.958625860081,1603.8069250841816,0.4008,0.5992,2.494582115146451,-7.505417884853549,0.7041,-0.09465249999999997,,12.50541788485355,1,1,1.0,533.8156702604255
223,225,1118,SanAntonio,90,110,Minnesota,115,-130,223.0,220.0,-1.5,-2.0,S90M115,-25,0.5652,0.4762,1439.3287457751285,1401.44655210316,0.6452,0.3548,-3.7100783454274455,-1.7100783454274455,0.5486,-0.013014999999999983,,-21.289921654572556,-1,-1,0.0,540.1316802135523
224,226,1118,LAClippers,108,-110,Memphis,120,-110,221.5,220.5,-0.0,-0.0,L108M120,-12,0.5238,0.5238,1494.2555622729599,1542.5072968642314,0.5255,0.47450000000000003,-0.6338666217403021,-0.6338666217403021,0.5181,0.0,,-11.366133378259699,-1,-1,0.0,540.1316802135523
225,227,1118,Philadelphia,103,265,Denver,89,-320,209.0,209.0,-8.0,-7.5,P103D89,14,0.7619,0.274,1560.7657642613283,1536.8887940438153,0.6265,0.37350000000000005,-3.2098917934826057,4.290108206517394,0.37960000000000005,0.05070999999999997,Philadelphia,17.209891793482605,1,1,0.0,565.031750671397
226,228,1118,Toronto,103,400,Utah,119,-500,213.0,214.5,-9.0,-10.0,T103U119,-16,0.8333,0.2,1569.2717633616655,1465.0351370940618,0.7271,0.27290000000000003,-6.079879509557275,3.9201204904427254,0.38970000000000005,0.045407499999999976,Toronto,-9.920120490442725,-1,-1,1.0,539.3750714527856
227,229,1119,Indiana,118,-115,Charlotte,121,-105,218.0,216.0,-2.5,1.0,I118C121,-3,0.5122,0.5349,1515.1741390648867,1491.067314871678,0.6268,0.3732,-3.218100864043168,-4.218100864043167,0.6184000000000001,-0.04966000000000006,,0.21810086404316786,1,-1,0.0,563.7254042240087
228,230,1119,GoldenState,105,-125,Detroit,102,105,210.0,201.0,10.5,1.5,G105D102,3,0.4878,0.5556,1386.882101601966,1611.823183261776,0.286,0.714,5.6764672021360685,4.1764672021360685,0.38270000000000004,0.04908249999999994,GoldenState,-2.6764672021360685,-1,1,0.0,588.879087999304
229,231,1119,LALakers,108,-110,Boston,130,-110,212.5,213.0,-2.0,-1.0,L108B130,-22,0.5238,0.5238,1518.2705392881355,1521.6054737217505,0.5892,0.41080000000000005,-2.238038055942322,-1.2380380559423219,0.5352,-0.005979999999999991,,-19.761961944057678,-1,-1,0.0,592.0804488595185
230,232,1119,Orlando,113,400,Brooklyn,115,-500,209.0,209.0,-12.5,-9.5,O113B115,-2,0.8333,0.2,1606.542624493293,1370.362146696754,0.8506,0.14939999999999998,-10.792159921304963,-1.2921599213049628,0.5367999999999999,-0.0068199999999999815,,8.792159921304963,1,1,1.0,588.0424601982966
231,233,1119,OklahomaCity,89,650,Milwaukee,96,-1000,216.5,215.5,-12.5,-12.5,O89M96,-7,0.9091,0.1333,1544.728379905628,1413.995692429105,0.7563,0.24370000000000003,-7.026167409875817,5.473832590124183,0.3479,0.0673525,OklahomaCity,0.026167409875816894,1,1,0.0,624.0480327442109
232,234,1119,LAClippers,81,-175,NewOrleans,94,155,216.5,214.5,5.0,4.5,L81N94,-13,0.3922,0.6364,1406.4827924541842,1533.0176891211445,0.4138,0.5862,2.161960595248583,-2.338039404751417,0.5663,-0.022307500000000015,,-15.161960595248583,-1,-1,0.0,636.7034431900668
233,235,1119,Chicago,114,-150,Denver,108,130,211.5,206.0,-4.0,3.5,C114D108,6,0.4348,0.6,1548.2350966319216,1556.0515453709168,0.583,0.41700000000000004,-2.077983973607315,-5.577983973607315,0.6548,-0.06876999999999998,,8.077983973607315,1,1,1.0,592.9173474018859
234,236,1119,Dallas,104,290,Phoenix,112,-350,211.5,211.0,-7.5,-8.5,D104P112,-8,0.7778,0.2564,1607.855835016149,1563.4414105281035,0.6538,0.34619999999999995,-3.9433723031444856,4.556627696855514,0.37239999999999995,0.054490000000000025,Dallas,-4.056627696855514,-1,1,0.0,622.2883167290938
235,237,1119,Toronto,108,145,Sacramento,89,-165,220.0,221.0,-4.0,-3.5,T108S89,19,0.6226,0.4082,1455.6317064735258,1459.5771458361799,0.5884,0.41159999999999997,-2.216234308476641,1.2837656915233588,0.4635,0.006662499999999949,Toronto,21.21623430847664,1,1,0.0,626.0574039201916
236,238,1120,Houston,99,425,NewYork,106,-550,211.5,213.5,-11.0,-11.0,H99N106,-7,0.8462,0.1905,1499.5268641683963,1340.6734335860017,0.7849,0.21509999999999996,-8.03047966365695,2.9695203363430505,0.41600000000000004,0.03159999999999998,Houston,1.0304796636569495,1,1,0.0,644.0423257055353
237,239,1120,NewOrleans,94,260,Indiana,111,-310,214.5,206.5,-7.5,-7.5,N94I111,-17,0.7561,0.2778,1483.6041735031615,1418.2077074782112,0.6806,0.3194,-4.6927309294625115,2.8072690705374885,0.4205,0.029237499999999982,NewOrleans,-12.307269070537489,-1,-1,1.0,625.2121382077197
238,240,1120,Miami,100,-135,Washington,103,115,210.0,207.0,1.5,2.0,M100W103,-3,0.4651,0.5745,1511.5511133433201,1588.0889919845392,0.4848,0.5152,0.37635280861496767,-1.6236471913850323,0.5462,-0.011755000000000028,,-3.3763528086149677,-1,-1,0.0,631.8933824664758
239,241,1120,Charlotte,105,250,Atlanta,115,-300,226.0,226.5,-6.0,-7.5,C105A115,-10,0.75,0.2857,1524.2988589454112,1522.6372804334032,0.5962,0.40380000000000005,-2.416484946857427,5.083515053142573,0.35829999999999995,0.06189250000000003,Charlotte,-7.583515053142573,-1,-1,1.0,592.7839212921695
240,242,1120,OklahomaCity,105,375,Boston,111,-450,205.5,205.0,-10.5,-9.5,O105B111,-6,0.8182,0.2105,1526.4862008747682,1409.1216342660264,0.7418,0.2582,-6.548734521740779,2.951265478259221,0.4165,0.03133749999999999,OklahomaCity,0.5487345217407791,1,1,0.0,609.6715268680725
241,243,1120,Memphis,95,120,Minnesota,138,-140,218.5,221.0,1.0,-2.5,M95M138,-43,0.5833,0.4545,1446.4248012618318,1503.7451700160468,0.5125,0.48750000000000004,-0.3099868302066073,2.1900131697933927,0.43779999999999997,0.02015500000000006,Memphis,-42.690013169793396,-1,-1,1.0,597.3835972440465
242,244,1120,Orlando,108,575,Milwaukee,117,-850,213.0,215.5,-11.5,-12.5,O108M117,-9,0.8947,0.1481,1549.6024380687065,1367.3745938593704,0.8067,0.19330000000000003,-8.865280150333433,3.634719849666567,0.39759999999999995,0.04126000000000003,Orlando,-0.13471984966656692,-1,1,0.0,619.7909129006732
243,245,1120,Utah,123,-330,Sacramento,105,270,225.0,221.0,7.0,7.5,U123S105,18,0.2703,0.7674,1443.8643856623244,1574.7297546195475,0.4077,0.5923,2.316620319900827,-5.183379680099173,0.6444,-0.06330999999999996,,15.683379680099172,1,1,1.0,580.5519502049316
244,246,1120,Philadelphia,111,245,Portland,118,-290,218.5,217.0,-6.0,-7.5,P111P118,-7,0.7436,0.2899,1520.503869335642,1549.419461673222,0.5532,0.4468,-1.3244431308007165,6.1755568691992835,0.3296,0.07695999999999997,Philadelphia,-5.6755568691992835,-1,1,0.0,621.1694757392693
245,247,1121,Dallas,91,185,LAClippers,97,-215,215.5,209.0,-3.5,-5.5,D91L97,-6,0.6825,0.3509,1521.2927740971174,1556.5165579418322,0.5442,0.4558,-1.0991505769744745,4.400849423025526,0.37660000000000005,0.05228499999999999,Dallas,-4.900849423025526,-1,-1,1.0,588.6916297002416
246,248,1121,LALakers,121,-300,Detroit,116,250,209.0,213.0,7.5,7.0,L121D116,5,0.2857,0.75,1381.1622946206423,1513.3898121351178,0.4058,0.5942000000000001,2.365268482659839,-4.63473151734016,0.6296999999999999,-0.05559249999999995,,2.634731517340161,1,-1,0.0,618.4433019039785
247,249,1121,Denver,97,400,Phoenix,126,-500,209.5,208.5,-7.5,-11.0,D97P126,-29,0.8333,0.2,1614.7806876024204,1536.5759208874117,0.6964,0.3036,-5.150170239821738,5.849829760178262,0.33799999999999997,0.07255000000000005,Denver,-23.849829760178263,-1,-1,1.0,573.5752403508449
248,250,1121,NewYork,103,180,Chicago,109,-210,210.0,213.0,-5.5,-5.5,N103C109,-6,0.6774,0.3571,1567.7107211154266,1503.829177837631,0.6787,0.32130000000000003,-4.638626545635556,0.8613734543644442,0.47550000000000003,0.0,,-1.3613734543644442,-1,-1,1.0,573.5752403508449
249,251,1121,Toronto,104,330,GoldenState,119,-400,215.5,217.0,-7.5,-9.0,T104G119,-15,0.8,0.2326,1617.5429902430997,1471.3444666473813,0.7723,0.2277,-7.578518699847085,1.421481300152915,0.4596,0.008710000000000008,Toronto,-7.421481300152915,-1,-1,1.0,568.579400007389
250,252,1122,Brooklyn,117,-220,Cleveland,112,190,207.5,208.5,7.5,5.5,B117C112,5,0.3448,0.6875,1459.9423676824865,1609.5301773306767,0.382,0.618,2.9852789160067914,-2.5147210839932086,0.5712999999999999,-0.024932499999999948,,2.0147210839932086,1,-1,0.0,581.4667689989201
251,253,1122,Charlotte,109,160,Washington,103,-180,216.0,216.0,-4.5,-4.5,C109W103,6,0.6429,0.3846,1521.8543248989643,1514.5604853814843,0.6039,0.3961,-2.6176371256242823,1.8823628743757177,0.4465,0.015587499999999966,Charlotte,8.617637125624283,1,1,0.0,589.7064174187116
252,254,1122,OklahomaCity,101,600,Atlanta,113,-900,212.0,212.0,-11.0,-13.5,O101A113,-12,0.9,0.1429,1532.3756539973301,1403.9583471476012,0.7538,0.24619999999999997,-6.943475244633175,6.556524755366825,0.3198,0.082105,OklahomaCity,-5.056524755366825,-1,1,0.0,633.7226405115873
253,255,1122,Houston,90,500,Boston,108,-700,211.5,213.5,-12.5,-12.0,H90B108,-18,0.875,0.1667,1531.6494879931934,1336.371119916767,0.8182,0.18179999999999996,-9.331370288443802,2.668629711556198,0.4244,0.02718999999999999,Houston,-8.668629711556198,-1,-1,1.0,616.4917219160773
254,256,1122,Indiana,109,105,Chicago,77,-125,208.0,216.5,-3.5,-1.5,I109C77,32,0.5556,0.4878,1574.13735646411,1489.9928329172478,0.7036,0.2964,-5.362304412387938,-3.862304412387938,0.6087,-0.04456749999999998,,37.362304412387935,1,1,1.0,589.0162270995825
255,257,1122,Orlando,92,800,Milwaukee,123,-1400,216.5,218.5,-12.5,-13.0,O92M123,-31,0.9333,0.1111,1553.4677960663032,1363.5092358617737,0.8136,0.1864,-9.141377150161768,3.8586228498382322,0.39139999999999997,0.04451499999999997,Orlando,-21.858622849838234,-1,-1,1.0,562.7961697502445
256,258,1122,Minnesota,110,-155,NewOrleans,96,135,213.5,214.0,2.5,3.5,M110N96,14,0.4255,0.6078,1411.819048064125,1456.1750333507032,0.5311,0.4689,-0.7730005254793468,-4.273000525479347,0.6199,-0.05044749999999998,,14.773000525479347,1,1,1.0,534.4045099767691
257,259,1122,Phoenix,115,-210,SanAntonio,111,180,220.5,220.0,5.5,5.5,P115S111,4,0.3571,0.6774,1394.3504966164567,1620.853126520925,0.2842,0.7158,5.7322367823024365,0.2322367823024365,0.49339999999999995,0.0,,-1.7322367823024365,-1,-1,1.0,534.4045099767691
258,260,1122,Memphis,119,400,Utah,118,-500,222.5,221.5,-9.5,-11.0,M119U118,1,0.8333,0.2,1582.8841727439683,1493.9949379271754,0.7092,0.29079999999999995,-5.5317583863140305,5.4682416136859695,0.34809999999999997,0.06724750000000004,Memphis,6.5317583863140305,1,1,0.0,567.0748438719171
259,261,1122,Philadelphia,102,175,Sacramento,94,-200,216.5,220.5,-2.5,-5.0,P102S94,8,0.6667,0.3636,1435.7099675379036,1540.4828016168638,0.4444,0.5556,1.384744074248577,6.384744074248577,0.32420000000000004,0.07979499999999995,Philadelphia,6.615255925751423,1,1,0.0,608.2109685689712
260,262,1123,Miami,100,-600,Detroit,92,450,205.5,208.5,9.0,10.5,M100D92,8,0.1818,0.8571,1373.045719290542,1577.7857804288951,0.3103,0.6897,4.955002183512614,-5.544997816487386,0.654,-0.06835000000000002,,3.0449978164873857,1,-1,0.0,646.0029864795978
261,263,1123,LALakers,100,165,NewYork,106,-185,214.5,214.5,-3.5,-4.5,L100N106,-6,0.6491,0.3774,1497.4025424889476,1521.5063874652183,0.56,0.43999999999999995,-1.4962912508474753,3.0037087491525245,0.4151,0.03207249999999996,LALakers,-4.5037087491525245,-1,-1,1.0,625.2840556957309
262,264,1123,Denver,100,350,Portland,119,-420,212.5,212.5,-5.5,-10.0,D100P119,-19,0.8077,0.2222,1529.4405293920004,1530.5034819689072,0.5924,0.40759999999999996,-2.319180265110471,7.680819734889528,0.29159999999999997,0.09691000000000001,Denver,-16.68081973488953,-1,-1,1.0,564.6877778582576
263,265,1123,Dallas,112,130,LAClippers,104,-150,207.5,213.5,-4.5,-2.5,D112L104,8,0.6,0.4348,1530.4092730108177,1547.4000590281319,0.5701,0.42989999999999995,-1.75032907081021,0.7496709291897901,0.4786,0.0,,9.75032907081021,1,1,0.0,564.6877778582576
264,266,1124,LALakers,124,210,Indiana,116,-250,218.5,217.0,-1.5,-6.5,L124I116,8,0.7143,0.3226,1504.0640038459953,1512.7064446211655,0.5818,0.4182,-2.048484258029638,4.451515741970362,0.37529999999999997,0.052967500000000015,LALakers,10.048484258029639,1,1,0.0,591.878777743446
265,267,1124,Phoenix,120,-300,Cleveland,115,250,211.0,211.5,6.0,7.0,P120C115,5,0.2857,0.75,1452.3028505100542,1626.5362932059345,0.3491,0.6509,3.8654800962814386,-3.1345199037185614,0.5886,-0.034015,,1.1345199037185614,1,-1,0.0,610.1812837661217
266,268,1124,Charlotte,106,-340,Orlando,99,280,219.5,219.0,7.0,8.0,C106O99,7,0.2632,0.7727,1359.7807565182982,1526.6393050691624,0.3588,0.6412,3.602091019673724,-4.397908980326276,0.6233,-0.05223249999999998,,3.397908980326276,1,-1,0.0,639.1551873154981
267,269,1124,Brooklyn,123,105,Boston,104,-125,216.0,217.5,-0.0,-1.5,B123B104,19,0.5556,0.4878,1535.285965308049,1617.169694503109,0.4772,0.5227999999999999,0.5672760426807112,2.067276042680711,0.4413,0.018317499999999983,Brooklyn,18.43272395731929,1,1,0.0,649.7985738097268
268,270,1124,Detroit,93,900,Milwaukee,114,-1600,214.5,213.0,-14.0,-15.0,D93M114,-21,0.9412,0.1,1557.1962754097788,1366.8394403947084,0.8139,0.18610000000000004,-9.155601250538227,5.844398749461773,0.33819999999999995,0.07244500000000002,Detroit,-11.844398749461773,-1,-1,1.0,602.7239161300811
269,271,1124,Utah,110,-1200,OklahomaCity,104,750,208.5,208.0,12.5,14.0,U110O104,6,0.1176,0.9231,1399.0349896698335,1568.6997096354226,0.3551,0.6449,3.7023114273424653,-10.297688572657535,0.769,-0.128725,,2.2976885726575347,1,-1,0.0,673.2563125881217
270,272,1124,Chicago,113,-500,Houston,118,400,213.5,217.5,8.5,9.5,C113H118,-5,0.2,0.8333,1332.7346426019112,1560.0661855353626,0.2832,0.7168,5.761840819051835,-3.7381591809481653,0.6053,-0.04278249999999998,,-10.761840819051834,-1,-1,0.0,699.4413927638501
271,273,1124,Miami,101,-110,Minnesota,113,-110,212.5,213.5,2.0,1.0,M101M113,-12,0.5238,0.5238,1466.7971935421122,1583.9920593247286,0.4269,0.5730999999999999,1.8283880636648746,0.8283880636648746,0.47640000000000005,0.0,,-13.828388063664875,-1,-1,1.0,699.4413927638501
272,274,1124,Toronto,126,135,Memphis,113,-155,221.5,218.0,-3.5,-3.5,T126M113,13,0.6078,0.4255,1508.1794010357212,1466.791060265298,0.6498,0.35019999999999996,-3.8352978846579697,-0.3352978846579697,0.5096,0.0,,16.83529788465797,1,1,1.0,699.4413927638501
273,275,1124,Washington,102,-165,NewOrleans,127,145,209.5,211.0,3.5,3.5,W102N127,-25,0.4082,0.6226,1401.196887872716,1509.7755052112861,0.439,0.5609999999999999,1.520664904948936,-1.979335095051064,0.5562,-0.017005000000000017,,-26.520664904948937,-1,-1,0.0,710.2541208401676
274,276,1124,Atlanta,124,-165,SanAntonio,106,145,221.5,222.5,3.0,3.5,A124S106,18,0.4082,0.6226,1388.667329931447,1537.2990114750978,0.3833,0.6167,2.9511314837018126,-0.5488685162981874,0.5156000000000001,0.0,,15.048868516298187,1,1,1.0,710.2541208401676
275,277,1124,Portland,121,-160,Sacramento,125,140,226.0,225.5,3.0,3.5,P121S125,-4,0.4167,0.6154,1426.8213296265487,1537.5929547920296,0.4359,0.5641,1.5989866130528867,-1.9010133869471133,0.554,-0.01585000000000002,,-5.598986613052887,-1,-1,0.0,720.4882370359101
276,278,1124,Philadelphia,96,400,GoldenState,116,-500,218.5,216.5,-10.5,-10.0,P96G116,-20,0.8333,0.2,1622.096396625183,1549.3714395282186,0.6897,0.3103,-4.9544627534630115,5.0455372465369885,0.35929999999999995,0.06136750000000004,Philadelphia,-15.045537246536988,-1,-1,1.0,676.2736751496088
277,279,1126,Detroit,96,525,LAClippers,107,-750,206.0,205.5,-11.5,-11.5,D96L107,-11,0.8824,0.16,1519.0079565461272,1363.1179105922595,0.782,0.21799999999999997,-7.924644498352417,3.575355501647583,0.3992,0.04041999999999998,Detroit,-3.075355501647583,-1,1,0.0,701.1236587401063
278,280,1126,Minnesota,115,110,Charlotte,133,-130,224.5,226.5,-3.0,-2.0,M115C133,-18,0.5652,0.4762,1533.8152490010123,1478.2601276720814,0.6681,0.3319,-4.341254333176104,-2.3412543331761038,0.5664,-0.022360000000000026,,-13.658745666823897,-1,-1,0.0,715.3755905668597
279,281,1126,Phoenix,118,-165,NewYork,97,145,216.5,214.0,3.0,4.0,P118N97,21,0.4082,0.6226,1506.2024853330004,1633.5180924601902,0.4127,0.5872999999999999,2.1898431116853527,-1.8101568883146473,0.5514,-0.014484999999999982,,18.810156888314648,1,1,1.0,705.0133751374988
280,282,1126,Chicago,123,-450,Orlando,88,375,213.5,212.5,8.5,9.5,C123O88,35,0.2105,0.8182,1352.6048125864484,1545.7299601511663,0.3248,0.6752,4.54018384159707,-4.95981615840293,0.6384000000000001,-0.06016000000000004,,30.45981615840293,1,1,1.0,662.5997704892268
281,283,1126,Atlanta,132,-115,Memphis,100,-105,224.5,227.0,-2.0,1.0,A132M100,32,0.5122,0.5349,1495.1833246751414,1544.9645316946487,0.5233,0.4767,-0.5792426064461681,-1.5792426064461682,0.5448999999999999,-0.011072499999999947,,32.579242606446165,1,1,1.0,655.2631345304849
282,284,1126,Toronto,97,170,Indiana,114,-190,213.5,209.0,-3.5,-5.0,T97I114,-17,0.6552,0.3704,1492.4279566780142,1479.7871366258778,0.6113,0.38870000000000005,-2.808600716147729,2.191399283852271,0.43779999999999997,0.02015500000000006,Toronto,-14.19139928385227,-1,-1,1.0,642.0563060540229
283,285,1126,Washington,101,-275,OklahomaCity,99,235,208.5,209.5,7.5,6.0,W101O99,2,0.2985,0.7333,1391.9332015936886,1498.5560926822816,0.4418,0.5582,1.4508175388783198,-4.5491824611216805,0.6274,-0.05438499999999994,,0.5491824611216802,1,-1,0.0,673.8001535128848
284,286,1126,Boston,88,-180,SanAntonio,96,160,215.5,213.5,2.5,4.5,B88S96,-8,0.3846,0.6429,1381.0018097118962,1525.7428175471066,0.3886,0.6113999999999999,2.812178851257516,-1.6878211487424841,0.548,-0.01270000000000004,,-10.812178851257515,-1,-1,0.0,681.5794825579881
285,287,1126,NewOrleans,98,650,Utah,97,-1000,213.0,218.5,-12.0,-13.5,N98U97,1,0.9091,0.1333,1575.8014977115674,1412.4163004017205,0.7893,0.2107,-8.192328475351676,5.307671524648324,0.35229999999999995,0.06504250000000002,NewOrleans,9.192328475351676,1,1,0.0,721.8809675527862
286,288,1126,Milwaukee,120,-245,Denver,109,205,213.5,215.5,3.5,6.5,M120D109,11,0.3279,0.7101,1522.351056568878,1560.9178052122277,0.5394,0.4606,-0.9797589770232256,-7.479758977023225,0.7034,-0.09428500000000002,,11.979758977023225,1,1,1.0,653.8184205270717
287,289,1126,Portland,103,200,GoldenState,118,-240,224.0,225.0,-6.0,-6.0,P103G118,-15,0.7059,0.3333,1628.303047688786,1526.311409643087,0.7245,0.27549999999999997,-5.999701358774961,0.0002986412250391979,0.5,0.0,,-9.00029864122504,-1,-1,1.0,653.8184205270717
288,290,1126,Sacramento,141,250,LALakers,137,-300,224.5,229.0,-1.0,-7.5,S141L137,4,0.75,0.2857,1524.3424917891466,1438.1028747754913,0.7061,0.29390000000000005,-5.437129179059119,2.062870820940881,0.4414,0.01826500000000003,Sacramento,9.43712917905912,1,1,0.0,664.6747782097326
289,291,1127,Minnesota,121,220,Philadelphia,120,-270,218.0,218.0,-4.0,-7.0,M121P120,1,0.7297,0.3125,1543.1647884646156,1471.6226748396475,0.6882,0.31179999999999997,-4.912218343748862,2.0877816562511384,0.4407,0.018632499999999986,Minnesota,5.912218343748862,1,1,0.0,675.9334625779079
290,292,1127,NewYork,99,270,Atlanta,90,-340,218.0,217.0,-4.0,-8.0,N99A90,9,0.7727,0.2703,1555.4310072895128,1497.9491939499992,0.6706,0.3294,-4.410064762125485,3.5899352378745153,0.39880000000000004,0.040629999999999965,NewYork,13.410064762125485,1,1,0.0,700.8999867456719
291,293,1127,Phoenix,113,110,Brooklyn,107,-130,219.0,226.0,-3.0,-1.5,P113B107,6,0.5652,0.4762,1626.7128422640515,1641.7713838431914,0.5728,0.4272,-1.8193378007450016,-0.3193378007450016,0.5091,0.0,,7.819337800745002,1,1,1.0,700.8999867456719
292,294,1127,Charlotte,143,-210,Houston,146,175,221.5,227.5,5.5,5.0,C143H146,-3,0.3636,0.6774,1347.0708679861075,1540.452701833446,0.3245,0.6755,4.549351208833522,-0.45064879116647827,0.5127999999999999,0.0,,-7.549351208833522,-1,-1,0.0,700.8999867456719
293,295,1127,Miami,107,-105,Chicago,104,-115,212.0,209.5,1.0,1.0,M107C104,3,0.5349,0.5122,1552.225995944753,1572.5291251947594,0.5654,0.4346,-1.632031098214059,-2.6320310982140587,0.5746,-0.026665,,4.632031098214059,1,1,1.0,682.2104885990985
294,296,1127,Orlando,92,375,Cleveland,105,-500,203.5,204.5,-7.5,-10.0,O92C105,-13,0.8333,0.2105,1445.3210512557985,1346.1087767928616,0.7213,0.27869999999999995,-5.900438373676317,4.099561626323683,0.38480000000000003,0.04797999999999996,Orlando,-7.099561626323683,-1,-1,1.0,649.4780293561138
295,297,1127,Washington,120,210,Dallas,114,-250,210.5,213.0,-7.5,-6.5,W120D114,6,0.7143,0.3226,1558.8013754928224,1507.3921709645383,0.6628,0.33720000000000006,-4.193185876010148,2.3068141239898523,0.4346,0.02183500000000004,Washington,10.193185876010148,1,1,0.0,662.3701682388327
296,298,1127,NewOrleans,105,650,Utah,127,-1000,217.0,215.0,-13.0,-12.5,N105U127,-22,0.9091,0.1333,1560.0163752603135,1428.2014228529745,0.7574,0.24260000000000004,-7.064819728833535,5.435180271166465,0.3489,0.06682750000000001,NewOrleans,-14.935180271166466,-1,-1,1.0,618.1056258208521
297,299,1128,GoldenState,105,-140,LAClippers,90,120,218.0,215.5,1.5,2.5,G105L90,15,0.4545,0.5833,1523.3681539520799,1633.8124749732701,0.4364,0.5636,1.5872971793282236,-0.9127028206717764,0.526,-0.0011500000000000288,,13.412702820671777,1,1,1.0,617.3948043511581
298,300,1128,Milwaukee,118,-135,Indiana,100,115,217.5,216.5,3.0,2.0,M118I100,18,0.4651,0.5745,1500.2023703617,1571.7057608183277,0.4921,0.5079,0.1965496591652709,-1.803450340834729,0.5512,-0.014380000000000021,,17.80345034083473,1,1,1.0,608.5166670645884
299,301,1128,Sacramento,101,150,Memphis,128,-170,214.5,223.0,2.5,-4.0,S101M128,-27,0.6296,0.4,1484.7168490802774,1452.224228880143,0.6381,0.3619,-3.517593578576225,0.4824064214237751,0.48629999999999995,0.0,,-23.482406421423775,-1,-1,1.0,608.5166670645884
300,302,1128,Boston,109,-125,Toronto,97,105,210.0,207.0,-2.5,2.0,B109T97,12,0.4878,0.5556,1472.0127229421919,1513.51449060382,0.5352,0.4648,-0.8749368692275701,-2.87493686922757,0.5813999999999999,-0.030234999999999946,,12.87493686922757,1,1,1.0,590.1181656358906
301,303,1128,Detroit,106,400,LALakers,110,-525,216.5,214.5,-9.5,-10.5,D106L110,-4,0.84,0.2,1510.2211376844948,1358.7577131863068,0.7776,0.22240000000000004,-7.7665508749352865,2.7334491250647135,0.4226,0.028135,Detroit,3.7665508749352865,1,1,0.0,605.2117788996777
302,304,1129,Orlando,96,750,Philadelphia,101,-1200,208.5,205.5,-15.5,-14.0,O96P101,-5,0.9231,0.1176,1529.4006231764445,1340.5352556083203,0.8126,0.1874,-9.102334556004434,4.897665443995566,0.36319999999999997,0.059319999999999984,Orlando,4.102334556004434,1,1,0.0,637.8491995581585
303,305,1129,Denver,120,130,Miami,111,-150,207.5,205.5,-7.5,-3.0,D120M111,9,0.6,0.4348,1583.8368546825552,1511.563100962778,0.6891,0.31089999999999995,-4.938348347134901,-1.9383483471349008,0.5550999999999999,-0.016427499999999956,,13.938348347134902,1,1,1.0,627.3709318324169
304,306,1129,OklahomaCity,89,120,Houston,102,-140,213.5,217.5,-3.0,-2.5,O89H102,-13,0.5833,0.4545,1360.5813114547584,1383.097123311432,0.5623,0.4377,-1.5530067194045176,0.9469932805954824,0.473,0.0016750000000000155,OklahomaCity,-11.446993280595482,-1,-1,1.0,626.3200855215975
305,307,1129,Indiana,98,150,Minnesota,100,-170,218.0,220.5,-4.0,-4.0,I98M100,-2,0.6296,0.4,1485.3868401278187,1490.3607574254654,0.5869,0.4131,-2.1795029536554744,1.8204970463445256,0.44830000000000003,0.014642500000000015,Indiana,0.17950295365547442,1,1,0.0,634.657259932734
306,308,1129,Charlotte,119,175,Chicago,133,-200,225.0,224.5,-6.5,-5.5,C119C133,-14,0.6667,0.3636,1540.9182664569573,1526.9422583647952,0.6131,0.3869,-2.856286003291505,2.643713996708495,0.42510000000000003,0.02682249999999997,Charlotte,-11.143713996708495,-1,-1,1.0,617.6341655781882
307,309,1129,Cleveland,114,220,Dallas,96,-260,207.0,210.5,-5.0,-6.5,C114D96,18,0.7222,0.3125,1545.5450865113373,1450.8945724403397,0.716,0.28400000000000003,-5.737518359678485,0.7624816403215151,0.47829999999999995,0.0,,23.737518359678486,1,1,0.0,617.6341655781882
308,310,1129,Washington,99,-155,SanAntonio,116,135,214.5,214.5,3.0,3.0,W99S116,-17,0.4255,0.6078,1393.2301366551828,1520.6484599460234,0.4125,0.5875,2.19351154610145,-0.8064884538985502,0.523,0.0,,-19.19351154610145,-1,-1,0.0,617.6341655781882
309,311,1129,Portland,107,240,Utah,129,-280,223.0,221.5,-7.5,-7.0,P107U129,-22,0.7368,0.2941,1564.8675047927443,1520.8019823586028,0.6533,0.3467,-3.930911515505053,3.069088484494947,0.4132,0.03306999999999998,Portland,-18.069088484494948,-1,-1,1.0,597.2090037225175
310,312,1129,NewOrleans,123,240,LAClippers,104,-280,211.0,210.5,-9.0,-7.0,N123L104,19,0.7368,0.2941,1514.6404321339205,1423.3502933205436,0.7121,0.28790000000000004,-5.617504957620603,1.3824950423793974,0.4607,0.00813250000000001,NewOrleans,24.617504957620604,1,1,0.0,601.6242784704933
311,313,1130,Memphis,98,130,Toronto,91,-150,219.5,214.5,-4.5,-3.0,M98T91,7,0.6,0.4348,1461.3087733999314,1491.955578749996,0.5507,0.44930000000000003,-1.2626140946405502,1.7373859053594498,0.4506,0.013435000000000008,Memphis,8.26261409464055,1,1,0.0,608.9722986352671
312,314,1130,NewYork,110,200,Brooklyn,112,-240,218.5,215.0,-6.5,-6.0,N110B112,-2,0.7059,0.3333,1615.2570464476842,1511.36083362152,0.7267,0.2733,-6.06772188664872,-0.06772188664872036,0.5019,0.0,,4.06772188664872,1,1,1.0,608.9722986352671
313,315,1130,LALakers,117,-110,Sacramento,92,-110,227.5,224.0,3.5,-0.0,L117S92,25,0.5238,0.5238,1444.9854992104245,1514.668842285202,0.4947,0.5053000000000001,0.13154796695633714,0.13154796695633714,0.49629999999999996,0.0,,24.868452033043663,1,1,0.0,608.9722986352671
314,316,1130,GoldenState,96,135,Phoenix,104,-155,221.0,222.5,-2.5,-3.0,G96P104,-8,0.6078,0.4255,1653.2271796595587,1642.5401967914295,0.6086,0.39139999999999997,-2.7388208167189014,0.26117918328109857,0.49260000000000004,0.0,,-5.261179183281099,-1,-1,1.0,608.9722986352671
315,317,1130,Detroit,92,290,Portland,110,-350,216.0,209.5,-9.5,-7.5,D92P110,-18,0.7778,0.2564,1513.8680344028783,1354.3100085855997,0.7856,0.21440000000000003,-8.05564377918852,-0.5556437791885198,0.5158,0.0,,-9.94435622081148,-1,-1,0.0,608.9722986352671
